=== DELTARUNE GC crash log ===
VM: Initialized with 11158 global vars, sparse self vars (hashmap), 1985 functions mapped
VM: Reset complete (11158 global vars cleared)
VM: Reset complete (11158 global vars cleared)
Runner: First room index: 0, room count: 147
Runner: Executing global init script: gml_GlobalScript_scr_debug_save_trophies
Runner: Executing global init script: gml_GlobalScript_switch_asyncPause
Runner: Executing global init script: gml_GlobalScript_ossafe_init
Runner: Executing global init script: gml_GlobalScript_scr_debug_load_trophies
Runner: Executing global init script: gml_GlobalScript_scr_chapter_save_file_exists
Runner: Executing global init script: gml_GlobalScript_scr_setparty
Runner: Executing global init script: gml_GlobalScript_scr_test_save_data
Runner: Executing global init script: gml_GlobalScript_scr_get_valid_room
Runner: Executing global init script: gml_GlobalScript_scr_load_audio
Runner: Executing global init script: gml_GlobalScript_onSteamDeck
Runner: Executing global init script: gml_GlobalScript_scr_debug_print
Runner: Executing global init script: gml_GlobalScript_scr_os_checks
Runner: Executing global init script: gml_GlobalScript_scr_getbuttonsprite
Runner: Executing global init script: gml_GlobalScript_scr_ini_chapter
Runner: Executing global init script: gml_GlobalScript_show_debug_message_concat
Runner: Executing global init script: gml_GlobalScript_scr_init_launch_parameters
Runner: Executing global init script: gml_GlobalScript_macros
Runner: Executing global init script: gml_GlobalScript_scr_become_dark
Runner: Executing global init script: gml_GlobalScript_scr_become_light
Runner: Executing global init script: gml_GlobalScript_scr_npcdir
Runner: Executing global init script: gml_GlobalScript_scr_interact
Runner: Executing global init script: gml_GlobalScript_scr_phonename
Runner: Executing global init script: gml_GlobalScript_scr_writetext
Runner: Executing global init script: gml_GlobalScript_scr_litemuseb
Runner: Executing global init script: gml_GlobalScript_scr_litemremove
Runner: Executing global init script: gml_GlobalScript_scr_litemget
Runner: Executing global init script: gml_GlobalScript_scr_litemshift
Runner: Executing global init script: gml_GlobalScript_scr_litemdesc
Runner: Executing global init script: gml_GlobalScript_scr_lrecover
Runner: Executing global init script: gml_GlobalScript_scr_lrecoitem
Runner: Executing global init script: gml_GlobalScript_scr_litemname
Runner: Executing global init script: gml_GlobalScript_scr_lweaponeq
Runner: Executing global init script: gml_GlobalScript_scr_litemcheck
Runner: Executing global init script: gml_GlobalScript_scr_phoneadd
Runner: Executing global init script: gml_GlobalScript_scr_darkbox
Runner: Executing global init script: gml_GlobalScript_scr_darkbox_black
Runner: Executing global init script: gml_GlobalScript_scr_asterskip
Runner: Executing global init script: gml_GlobalScript_scr_dbox
Runner: Executing global init script: gml_GlobalScript_scr_get_room_by_id
Runner: Executing global init script: gml_GlobalScript_scr_facechoice
Runner: Executing global init script: gml_GlobalScript_scr_nextmsg
Runner: Executing global init script: gml_GlobalScript_scr_text
Runner: Executing global init script: gml_GlobalScript_scr_textsetup
Runner: Executing global init script: gml_GlobalScript_scr_textsound
Runner: Executing global init script: gml_GlobalScript_scr_texttype
Runner: Executing global init script: gml_GlobalScript_d_make
Runner: Executing global init script: gml_GlobalScript_scr_getmsgno
Runner: Executing global init script: gml_GlobalScript_draw_text_shadow
Runner: Executing global init script: gml_GlobalScript_scr_windowcaption
Runner: Executing global init script: gml_GlobalScript_snd_pitch
Runner: Executing global init script: gml_GlobalScript_snd_volume
Runner: Executing global init script: gml_GlobalScript_mus_volume
Runner: Executing global init script: gml_GlobalScript_snd_is_playing
Runner: Executing global init script: gml_GlobalScript_snd_stop_all
Runner: Executing global init script: gml_GlobalScript_snd_init
Runner: Executing global init script: gml_GlobalScript_snd_free_all
Runner: Executing global init script: gml_GlobalScript_snd_free
Runner: Executing global init script: gml_GlobalScript_snd_pause
Runner: Executing global init script: gml_GlobalScript_snd_resume
Runner: Executing global init script: gml_GlobalScript_mus_loop_ext
Runner: Executing global init script: gml_GlobalScript_mus_play
Runner: Executing global init script: gml_GlobalScript_mus_loop
Runner: Executing global init script: gml_GlobalScript_snd_play
Runner: Executing global init script: gml_GlobalScript_snd_stop
Runner: Executing global init script: gml_GlobalScript_snd_loop
Runner: Executing global init script: gml_GlobalScript_scr_healitemspell
Runner: Executing global init script: gml_GlobalScript_scr_healallitemspell
Runner: Executing global init script: gml_GlobalScript_scr_wincombat
Runner: Executing global init script: gml_GlobalScript_scr_blconskip
Runner: Executing global init script: gml_GlobalScript_scr_enemyblcon
Runner: Executing global init script: gml_GlobalScript_scr_randomtarget
Runner: Executing global init script: gml_GlobalScript_scr_targetall
Runner: Executing global init script: gml_GlobalScript_scr_destroyoutside
Runner: Executing global init script: gml_GlobalScript_scr_ambush
Runner: Executing global init script: gml_GlobalScript_scr_battletext
Runner: Executing global init script: gml_GlobalScript_scr_battletext_default
Runner: Executing global init script: gml_GlobalScript_scr_bullet_inherit
Runner: Executing global init script: gml_GlobalScript_scr_dmgwriter_selfchar
Runner: Executing global init script: gml_GlobalScript_scr_damage
Runner: Executing global init script: gml_GlobalScript_scr_damage_all
Runner: Executing global init script: gml_GlobalScript_scr_damage_all_overworld
Runner: Executing global init script: gml_GlobalScript_scr_dead
Runner: Executing global init script: gml_GlobalScript_scr_gameover
Runner: Executing global init script: gml_GlobalScript_scr_mercyadd
Runner: Executing global init script: gml_GlobalScript_scr_heal
Runner: Executing global init script: gml_GlobalScript_scr_healall
Runner: Executing global init script: gml_GlobalScript_scr_itemcheck
Runner: Executing global init script: gml_GlobalScript_scr_keyitemcheck
Runner: Executing global init script: gml_GlobalScript_scr_weaponcheck_inventory
Runner: Executing global init script: gml_GlobalScript_scr_armorcheck_inventory
Runner: Executing global init script: gml_GlobalScript_scr_itemdesc_oldtype
Runner: Executing global init script: gml_GlobalScript_scr_itemget
Runner: Executing global init script: gml_GlobalScript_scr_keyitemget
Runner: Executing global init script: gml_GlobalScript_scr_keyitemremove
Runner: Executing global init script: gml_GlobalScript_scr_keyitemshift
Runner: Executing global init script: gml_GlobalScript_scr_iteminfo_all
Runner: Executing global init script: gml_GlobalScript_scr_iteminfo_temp
Runner: Executing global init script: gml_GlobalScript_scr_itemname
Runner: Executing global init script: gml_GlobalScript_scr_itemremove
Runner: Executing global init script: gml_GlobalScript_scr_itemshift
Runner: Executing global init script: gml_GlobalScript_scr_itemshift_temp
Runner: Executing global init script: gml_GlobalScript_scr_revive
Runner: Executing global init script: gml_GlobalScript_scr_battlecursor_memory_reset
Runner: Executing global init script: gml_GlobalScript_scr_selectionmatrix
Runner: Executing global init script: gml_GlobalScript_scr_caterpillar_interpolate
Runner: Executing global init script: gml_GlobalScript_scr_unmarkify_caterpillar
Runner: Executing global init script: gml_GlobalScript_scr_markify_caterpillar
Runner: Executing global init script: gml_GlobalScript_scr_caterpillar_facing
Runner: Executing global init script: gml_GlobalScript_scr_getchar
Runner: Executing global init script: gml_GlobalScript_scr_losechar
Runner: Executing global init script: gml_GlobalScript_scr_armorget
Runner: Executing global init script: gml_GlobalScript_scr_armorinfo_all
Runner: Executing global init script: gml_GlobalScript_scr_armorinfo_mine
Runner: Executing global init script: gml_GlobalScript_scr_charbox
Runner: Executing global init script: gml_GlobalScript_scr_charbox_x
Runner: Executing global init script: gml_GlobalScript_scr_healitem
Runner: Executing global init script: gml_GlobalScript_scr_healitem_all
Runner: Executing global init script: gml_GlobalScript_scr_itemcomment
Runner: Executing global init script: gml_GlobalScript_scr_spell_overworld
Runner: Executing global init script: gml_GlobalScript_scr_spellinfo_all
Runner: Executing global init script: gml_GlobalScript_scr_talkroom
Runner: Executing global init script: gml_GlobalScript_scr_weaponget
Runner: Executing global init script: gml_GlobalScript_scr_weaponinfo_all
Runner: Executing global init script: gml_GlobalScript_scr_weaponinfo_mine
Runner: Executing global init script: gml_GlobalScript_scr_dmenu_armor_selection_match
Runner: Executing global init script: gml_GlobalScript_draw_item_icon
Runner: Executing global init script: gml_GlobalScript_scr_actinfo
Runner: Executing global init script: gml_GlobalScript_scr_attackphase
Runner: Executing global init script: gml_GlobalScript_scr_boltcheck
Runner: Executing global init script: gml_GlobalScript_scr_boltcheck_onebutton
Runner: Executing global init script: gml_GlobalScript_scr_charcan
Runner: Executing global init script: gml_GlobalScript_scr_damage_enemy
Runner: Executing global init script: gml_GlobalScript_scr_endcombat
Runner: Executing global init script: gml_GlobalScript_scr_endturn
Runner: Executing global init script: gml_GlobalScript_scr_itemconsumeb
Runner: Executing global init script: gml_GlobalScript_scr_mnendturn
Runner: Executing global init script: gml_GlobalScript_scr_monsterdefeat
Runner: Executing global init script: gml_GlobalScript_scr_monsterpop
Runner: Executing global init script: gml_GlobalScript_scr_moveheart
Runner: Executing global init script: gml_GlobalScript_scr_nexthero
Runner: Executing global init script: gml_GlobalScript_scr_prevhero
Runner: Executing global init script: gml_GlobalScript_scr_retarget
Runner: Executing global init script: gml_GlobalScript_scr_retarget_spell
Runner: Executing global init script: gml_GlobalScript_scr_spellconsumeb
Runner: Executing global init script: gml_GlobalScript_scr_tensionheal
Runner: Executing global init script: gml_GlobalScript_scr_monstersetup
Runner: Executing global init script: gml_GlobalScript_scr_encountersetup
Runner: Executing global init script: gml_GlobalScript_scr_spellinfo
Runner: Executing global init script: gml_GlobalScript_scr_spell
Runner: Executing global init script: gml_GlobalScript_scr_spelltext
Runner: Executing global init script: gml_GlobalScript_scr_keyiteminfo_all
Runner: Executing global init script: gml_GlobalScript_scr_keyiteminfo
Runner: Executing global init script: gml_GlobalScript_scr_iteminfo
Runner: Executing global init script: gml_GlobalScript_scr_itemdesc
Runner: Executing global init script: gml_GlobalScript_scr_itemdesc_b
Runner: Executing global init script: gml_GlobalScript_scr_itemnamelist
Runner: Executing global init script: gml_GlobalScript_scr_itemuse
Runner: Executing global init script: gml_GlobalScript_scr_weaponinfo
Runner: Executing global init script: gml_GlobalScript_scr_armorinfo
Runner: Executing global init script: gml_GlobalScript_scr_minishakeobj
Runner: Executing global init script: gml_GlobalScript_ossafe_savedata_load_old_check
Runner: Executing global init script: gml_GlobalScript_scr_anim
Runner: Executing global init script: gml_GlobalScript_scr_shakeobj
Runner: Executing global init script: gml_GlobalScript_scr_defeatrun
Runner: Executing global init script: gml_GlobalScript_scr_oflash
Runner: Executing global init script: gml_GlobalScript_scr_spareanim
Runner: Executing global init script: gml_GlobalScript_scr_afterimage
Runner: Executing global init script: gml_GlobalScript_scr_susface
Runner: Executing global init script: gml_GlobalScript_scr_ralface
Runner: Executing global init script: gml_GlobalScript_scr_noeface
Runner: Executing global init script: gml_GlobalScript_scr_rudface
Runner: Executing global init script: gml_GlobalScript_scr_torface
Runner: Executing global init script: gml_GlobalScript_scr_asgface
Runner: Executing global init script: gml_GlobalScript_scr_lanface
Runner: Executing global init script: gml_GlobalScript_scr_kingface
Runner: Executing global init script: gml_GlobalScript_scr_noface
Runner: Executing global init script: gml_GlobalScript_scr_rurusface
Runner: Executing global init script: gml_GlobalScript_button1_p
Runner: Executing global init script: gml_GlobalScript_button2_p
Runner: Executing global init script: gml_GlobalScript_button2_h
Runner: Executing global init script: gml_GlobalScript_button3_p
Runner: Executing global init script: gml_GlobalScript_button3_h
Runner: Executing global init script: gml_GlobalScript_down_p
Runner: Executing global init script: gml_GlobalScript_down_h
Runner: Executing global init script: gml_GlobalScript_left_p
Runner: Executing global init script: gml_GlobalScript_left_h
Runner: Executing global init script: gml_GlobalScript_right_p
Runner: Executing global init script: gml_GlobalScript_right_h
Runner: Executing global init script: gml_GlobalScript_up_p
Runner: Executing global init script: gml_GlobalScript_up_h
Runner: Executing global init script: gml_GlobalScript_scr_gamepad_axis_check
Runner: Executing global init script: gml_GlobalScript_scr_controls_default
Runner: Executing global init script: gml_GlobalScript_scr_get_input_name
Runner: Executing global init script: gml_GlobalScript_scr_ascii_input_names
Runner: Executing global init script: gml_GlobalScript_scr_gamestart
Runner: Executing global init script: gml_GlobalScript_scr_shopmorearrow
Runner: Executing global init script: gml_GlobalScript_scr_shopmenu
Runner: Executing global init script: gml_GlobalScript_scr_outside_camera
Runner: Executing global init script: gml_GlobalScript_scr_havechar
Runner: Executing global init script: gml_GlobalScript_scr_makecaterpillar
Runner: Executing global init script: gml_GlobalScript_scr_closemenu
Runner: Executing global init script: gml_GlobalScript_scr_move_to_point_over_time
Runner: Executing global init script: gml_GlobalScript_game_restart_true
Runner: Executing global init script: gml_GlobalScript_scr_load
Runner: Executing global init script: gml_GlobalScript_scr_tempload
Runner: Executing global init script: gml_GlobalScript_scr_tempsave
Runner: Executing global init script: gml_GlobalScript_scr_saveprocess_ut
Runner: Executing global init script: gml_GlobalScript_scr_save
Runner: Executing global init script: gml_GlobalScript_scr_saveprocess
Runner: Executing global init script: gml_GlobalScript_scr_roomname
Runner: Executing global init script: gml_GlobalScript_d_ex
Runner: Executing global init script: gml_GlobalScript_scr_halt
Runner: Executing global init script: gml_GlobalScript_scr_debug
Runner: Executing global init script: gml_GlobalScript_scr_pan_to_obj
Runner: Executing global init script: gml_GlobalScript_scr_pan
Runner: Executing global init script: gml_GlobalScript_scr_marker
Runner: Executing global init script: gml_GlobalScript_scr_dark_marker
Runner: Executing global init script: gml_GlobalScript_scr_depth
Runner: Executing global init script: gml_GlobalScript_scr_dogcheck
Runner: Executing global init script: gml_GlobalScript_UNUSED
Runner: Executing global init script: gml_GlobalScript_draw_background_ext
Runner: Executing global init script: gml_GlobalScript_draw_background_part_ext
Runner: Executing global init script: gml_GlobalScript_draw_background_tiled_ext
Runner: Executing global init script: gml_GlobalScript_ossafe_shapes
Runner: Executing global init script: gml_GlobalScript___background_get_colour
Runner: Executing global init script: gml_GlobalScript___background_get_colour_element
Runner: Executing global init script: gml_GlobalScript___background_set
Runner: Executing global init script: gml_GlobalScript___background_set_colour
Runner: Executing global init script: gml_GlobalScript___background_set_element
Runner: Executing global init script: gml_GlobalScript_scr_prefetch_textures
Runner: Executing global init script: gml_GlobalScript___background_set_internal
Runner: Executing global init script: gml_GlobalScript___init_background
Runner: Executing global init script: gml_GlobalScript___background_get_element
Runner: Executing global init script: gml_GlobalScript___background_get_internal
Runner: Executing global init script: gml_GlobalScript_background_get_width
Runner: Executing global init script: gml_GlobalScript_background_get_height
Runner: Executing global init script: gml_GlobalScript_draw_background
Runner: Executing global init script: gml_GlobalScript_d3d_set_fog
Runner: Executing global init script: gml_GlobalScript___init_d3d
Runner: Executing global init script: gml_GlobalScript_draw_set_blend_mode
Runner: Executing global init script: gml_GlobalScript_instance_create
Runner: Executing global init script: gml_GlobalScript_object_get_depth
Runner: Executing global init script: gml_GlobalScript_tile_get_ids_at_depth
Runner: Executing global init script: gml_GlobalScript_tile_layer_hide
Runner: Executing global init script: gml_GlobalScript_tile_layer_shift
Runner: Executing global init script: gml_GlobalScript_tile_set_alpha
Runner: Executing global init script: gml_GlobalScript___view_get
Runner: Executing global init script: gml_GlobalScript___view_set
Runner: Executing global init script: gml_GlobalScript___view_set_internal
Runner: Executing global init script: gml_GlobalScript___init_view
Runner: Executing global init script: gml_GlobalScript___init_global
Runner: Executing global init script: gml_GlobalScript___global_object_depths
Runner: Executing global init script: gml_GlobalScript_scr_84_set_draw_font
Runner: Executing global init script: gml_GlobalScript_scr_84_add_menu_item
Runner: Executing global init script: gml_GlobalScript_scr_84_debug
Runner: Executing global init script: gml_GlobalScript_scr_84_draw_menu
Runner: Executing global init script: gml_GlobalScript_scr_84_get_font
Runner: Executing global init script: gml_GlobalScript_scr_84_get_lang_string
Runner: Executing global init script: gml_GlobalScript_scr_84_get_subst_string
Runner: Executing global init script: gml_GlobalScript_scr_84_init_localization
Runner: Executing global init script: gml_GlobalScript_scr_84_load_map_json
Runner: Executing global init script: gml_GlobalScript_scr_84_pop
Runner: Executing global init script: gml_GlobalScript_scr_84_push
Runner: Executing global init script: gml_GlobalScript_scr_84_lang_load
Runner: Executing global init script: gml_GlobalScript_scr_84_name_input_setup
Runner: Executing global init script: gml_GlobalScript_scr_84_draw_text_outline
Runner: Executing global init script: gml_GlobalScript_scr_84_get_sprite
Runner: Executing global init script: gml_GlobalScript_string_to_hiragana
Runner: Executing global init script: gml_GlobalScript_scr_84_get_sound
Runner: Executing global init script: gml_GlobalScript_scr_84_is_digit
Runner: Executing global init script: gml_GlobalScript_scr_84_load_ini
Runner: Executing global init script: gml_GlobalScript_string_to_ascii_from_full_width
Runner: Executing global init script: gml_GlobalScript_scr_change_language
Runner: Executing global init script: gml_GlobalScript_ossafe_file_delete
Runner: Executing global init script: gml_GlobalScript_ossafe_file_exists
Runner: Executing global init script: gml_GlobalScript_ossafe_file_text_close
Runner: Executing global init script: gml_GlobalScript_ossafe_file_text_eof
Runner: Executing global init script: gml_GlobalScript_ossafe_file_text_open_read
Runner: Executing global init script: gml_GlobalScript_ossafe_file_text_open_write
Runner: Executing global init script: gml_GlobalScript_ossafe_file_text_read_real
Runner: Executing global init script: gml_GlobalScript_ossafe_file_text_read_string
Runner: Executing global init script: gml_GlobalScript_ossafe_file_text_readln
Runner: Executing global init script: gml_GlobalScript_ossafe_file_text_write_real
Runner: Executing global init script: gml_GlobalScript_ossafe_file_text_write_string
Runner: Executing global init script: gml_GlobalScript_ossafe_file_text_writeln
Runner: Executing global init script: gml_GlobalScript_ossafe_fill_rectangle
Runner: Executing global init script: gml_GlobalScript_ossafe_game_end
Runner: Executing global init script: gml_GlobalScript_ossafe_ini_close
Runner: Executing global init script: gml_GlobalScript_ossafe_ini_open
Runner: Executing global init script: gml_GlobalScript_ossafe_savedata_save
Runner: Executing global init script: gml_GlobalScript_ossafe_savedata_load
Runner: Executing global init script: gml_GlobalScript_strlen
Runner: Executing global init script: gml_GlobalScript_substr
Runner: Executing global init script: gml_GlobalScript_texture_set_interpolation
Runner: Executing global init script: gml_GlobalScript_scr_draw_screen_border
Runner: Executing global init script: gml_GlobalScript_scr_enable_screen_border
Runner: Executing global init script: gml_GlobalScript_scr_draw_background_ps4
Runner: Executing global init script: gml_GlobalScript_draw_background_stretched
Runner: Executing global init script: gml_GlobalScript_draw_enable_alphablend
Runner: Executing global init script: gml_GlobalScript_scr_ds_list_write
Runner: Executing global init script: gml_GlobalScript_scr_ds_list_read
Runner: Executing global init script: gml_GlobalScript_scr_chapterswitch
Runner: Executing global init script: gml_GlobalScript_dsmapToStruct
Runner: Executing global init script: gml_GlobalScript_scr_timedisp
Runner: Executing global init script: gml_GlobalScript_scr_damage_cache
Runner: Executing global init script: gml_GlobalScript_0
Runner: Executing global init script: gml_GlobalScript_1
Runner: Executing global init script: gml_GlobalScript_2
Runner load: global init scripts          phase=    0.00 ms total=    0.00 ms
Runner: Initializing room: ROOM_INITIALIZE (index 0)
Runner load: room payload load            phase=    0.00 ms total=    0.00 ms
Runner load: instance create pass1        phase=    0.00 ms total=    0.00 ms
Runner load: layer/depth setup            phase=    0.00 ms total=    0.00 ms
VM: @@NewGMLObject@@ method has invalid codeIndex -1
VM: [gml_Script_anon_gml_Object_obj_event_manager_Create_0_4720_gml_Object_obj_event_manager_Create_0] READ var 'index' on object index 0 (obj_switchAsyncHelper) but no instance found (varType=STACKTOP, isArray=false, originalInstanceType=0, hasInstanceType=true, varID=7542)
VM: @@NewGMLObject@@ method has invalid codeIndex -1
VM: [gml_Script_anon_gml_Object_obj_event_manager_Create_0_4720_gml_Object_obj_event_manager_Create_0] READ var 'index' on object index 0 (obj_switchAsyncHelper) but no instance found (varType=STACKTOP, isArray=false, originalInstanceType=0, hasInstanceType=true, varID=7542)
VM: [gml_Script_anon_gml_Object_obj_event_manager_Create_0_4720_gml_Object_obj_event_manager_Create_0] READ var 'index' on object index 0 (obj_switchAsyncHelper) but no instance found (varType=STACKTOP, isArray=false, originalInstanceType=0, hasInstanceType=true, varID=7542)
VM: @@NewGMLObject@@ method has invalid codeIndex -1
VM: [gml_Script_anon_gml_Object_obj_event_manager_Create_0_4720_gml_Object_obj_event_manager_Create_0] READ var 'index' on object index 0 (obj_switchAsyncHelper) but no instance found (varType=STACKTOP, isArray=false, originalInstanceType=0, hasInstanceType=true, varID=7542)
VM: [gml_Script_anon_gml_Object_obj_event_manager_Create_0_4720_gml_Object_obj_event_manager_Create_0] READ var 'index' on object index 0 (obj_switchAsyncHelper) but no instance found (varType=STACKTOP, isArray=false, originalInstanceType=0, hasInstanceType=true, varID=7542)
VM: [gml_Script_anon_gml_Object_obj_event_manager_Create_0_4720_gml_Object_obj_event_manager_Create_0] READ var 'index' on object index 0 (obj_switchAsyncHelper) but no instance found (varType=STACKTOP, isArray=false, originalInstanceType=0, hasInstanceType=true, varID=7542)
VM: @@NewGMLObject@@ method has invalid codeIndex -1
VM: [gml_Script_anon_gml_Object_obj_event_manager_Create_0_4720_gml_Object_obj_event_manager_Create_0] READ var 'index' on object index 0 (obj_switchAsyncHelper) but no instance found (varType=STACKTOP, isArray=false, originalInstanceType=0, hasInstanceType=true, varID=7542)
VM: [gml_Script_anon_gml_Object_obj_event_manager_Create_0_4720_gml_Object_obj_event_manager_Create_0] READ var 'index' on object index 0 (obj_switchAsyncHelper) but no instance found (varType=STACKTOP, isArray=false, originalInstanceType=0, hasInstanceType=true, varID=7542)
VM: [gml_Script_anon_gml_Object_obj_event_manager_Create_0_4720_gml_Object_obj_event_manager_Create_0] READ var 'index' on object index 0 (obj_switchAsyncHelper) but no instance found (varType=STACKTOP, isArray=false, originalInstanceType=0, hasInstanceType=true, varID=7542)
VM: [gml_Script_anon_gml_Object_obj_event_manager_Create_0_4720_gml_Object_obj_event_manager_Create_0] READ var 'index' on object index 0 (obj_switchAsyncHelper) but no instance found (varType=STACKTOP, isArray=false, originalInstanceType=0, hasInstanceType=true, varID=7542)
VM: @@NewGMLObject@@ method has invalid codeIndex -1
VM: [gml_Script_anon_gml_Object_obj_event_manager_Create_0_4720_gml_Object_obj_event_manager_Create_0] READ var 'index' on object index 0 (obj_switchAsyncHelper) but no instance found (varType=STACKTOP, isArray=false, originalInstanceType=0, hasInstanceType=true, varID=7542)
VM: [gml_Script_anon_gml_Object_obj_event_manager_Create_0_4720_gml_Object_obj_event_manager_Create_0] READ var 'index' on object index 0 (obj_switchAsyncHelper) but no instance found (varType=STACKTOP, isArray=false, originalInstanceType=0, hasInstanceType=true, varID=7542)
VM: [gml_Script_anon_gml_Object_obj_event_manager_Create_0_4720_gml_Object_obj_event_manager_Create_0] READ var 'index' on object index 0 (obj_switchAsyncHelper) but no instance found (varType=STACKTOP, isArray=false, originalInstanceType=0, hasInstanceType=true, varID=7542)
VM: [gml_Script_anon_gml_Object_obj_event_manager_Create_0_4720_gml_Object_obj_event_manager_Create_0] READ var 'index' on object index 0 (obj_switchAsyncHelper) but no instance found (varType=STACKTOP, isArray=false, originalInstanceType=0, hasInstanceType=true, varID=7542)
VM: [gml_Script_anon_gml_Object_obj_event_manager_Create_0_4720_gml_Object_obj_event_manager_Create_0] READ var 'index' on object index 0 (obj_switchAsyncHelper) but no instance found (varType=STACKTOP, isArray=false, originalInstanceType=0, hasInstanceType=true, varID=7542)
VM: @@NewGMLObject@@ method has invalid codeIndex -1
VM: [gml_Script_anon_gml_Object_obj_event_manager_Create_0_4720_gml_Object_obj_event_manager_Create_0] READ var 'index' on object index 0 (obj_switchAsyncHelper) but no instance found (varType=STACKTOP, isArray=false, originalInstanceType=0, hasInstanceType=true, varID=7542)
VM: [gml_Script_anon_gml_Object_obj_event_manager_Create_0_4720_gml_Object_obj_event_manager_Create_0] READ var 'index' on object index 0 (obj_switchAsyncHelper) but no instance found (varType=STACKTOP, isArray=false, originalInstanceType=0, hasInstanceType=true, varID=7542)
VM: [gml_Script_anon_gml_Object_obj_event_manager_Create_0_4720_gml_Object_obj_event_manager_Create_0] READ var 'index' on object index 0 (obj_switchAsyncHelper) but no instance found (varType=STACKTOP, isArray=false, originalInstanceType=0, hasInstanceType=true, varID=7542)
VM: [gml_Script_anon_gml_Object_obj_event_manager_Create_0_4720_gml_Object_obj_event_manager_Create_0] READ var 'index' on object index 0 (obj_switchAsyncHelper) but no instance found (varType=STACKTOP, isArray=false, originalInstanceType=0, hasInstanceType=true, varID=7542)
VM: [gml_Script_anon_gml_Object_obj_event_manager_Create_0_4720_gml_Object_obj_event_manager_Create_0] READ var 'index' on object index 0 (obj_switchAsyncHelper) but no instance found (varType=STACKTOP, isArray=false, originalInstanceType=0, hasInstanceType=true, varID=7542)
VM: [gml_Script_anon_gml_Object_obj_event_manager_Create_0_4720_gml_Object_obj_event_manager_Create_0] READ var 'index' on object index 0 (obj_switchAsyncHelper) but no instance found (varType=STACKTOP, isArray=false, originalInstanceType=0, hasInstanceType=true, varID=7542)
VM: @@NewGMLObject@@ method has invalid codeIndex -1
VM: [gml_Script_anon_gml_Object_obj_event_manager_Create_0_4720_gml_Object_obj_event_manager_Create_0] READ var 'index' on object index 0 (obj_switchAsyncHelper) but no instance found (varType=STACKTOP, isArray=false, originalInstanceType=0, hasInstanceType=true, varID=7542)
VM: [gml_Script_anon_gml_Object_obj_event_manager_Create_0_4720_gml_Object_obj_event_manager_Create_0] READ var 'index' on object index 0 (obj_switchAsyncHelper) but no instance found (varType=STACKTOP, isArray=false, originalInstanceType=0, hasInstanceType=true, varID=7542)
VM: [gml_Script_anon_gml_Object_obj_event_manager_Create_0_4720_gml_Object_obj_event_manager_Create_0] READ var 'index' on object index 0 (obj_switchAsyncHelper) but no instance found (varType=STACKTOP, isArray=false, originalInstanceType=0, hasInstanceType=true, varID=7542)
VM: [gml_Script_anon_gml_Object_obj_event_manager_Create_0_4720_gml_Object_obj_event_manager_Create_0] READ var 'index' on object index 0 (obj_switchAsyncHelper) but no instance found (varType=STACKTOP, isArray=false, originalInstanceType=0, hasInstanceType=true, varID=7542)
VM: [gml_Script_anon_gml_Object_obj_event_manager_Create_0_4720_gml_Object_obj_event_manager_Create_0] READ var 'index' on object index 0 (obj_switchAsyncHelper) but no instance found (varType=STACKTOP, isArray=false, originalInstanceType=0, hasInstanceType=true, varID=7542)
VM: [gml_Script_anon_gml_Object_obj_event_manager_Create_0_4720_gml_Object_obj_event_manager_Create_0] READ var 'index' on object index 0 (obj_switchAsyncHelper) but no instance found (varType=STACKTOP, isArray=false, originalInstanceType=0, hasInstanceType=true, varID=7542)
VM: [gml_Script_anon_gml_Object_obj_event_manager_Create_0_4720_gml_Object_obj_event_manager_Create_0] READ var 'index' on object index 0 (obj_switchAsyncHelper) but no instance found (varType=STACKTOP, isArray=false, originalInstanceType=0, hasInstanceType=true, varID=7542)
VM: @@NewGMLObject@@ method has invalid codeIndex -1
VM: [gml_Script_anon_gml_Object_obj_event_manager_Create_0_4720_gml_Object_obj_event_manager_Create_0] READ var 'index' on object index 0 (obj_switchAsyncHelper) but no instance found (varType=STACKTOP, isArray=false, originalInstanceType=0, hasInstanceType=true, varID=7542)
VM: [gml_Script_anon_gml_Object_obj_event_manager_Create_0_4720_gml_Object_obj_event_manager_Create_0] READ var 'index' on object index 0 (obj_switchAsyncHelper) but no instance found (varType=STACKTOP, isArray=false, originalInstanceType=0, hasInstanceType=true, varID=7542)
VM: [gml_Script_anon_gml_Object_obj_event_manager_Create_0_4720_gml_Object_obj_event_manager_Create_0] READ var 'index' on object index 0 (obj_switchAsyncHelper) but no instance found (varType=STACKTOP, isArray=false, originalInstanceType=0, hasInstanceType=true, varID=7542)
VM: [gml_Script_anon_gml_Object_obj_event_manager_Create_0_4720_gml_Object_obj_event_manager_Create_0] READ var 'index' on object index 0 (obj_switchAsyncHelper) but no instance found (varType=STACKTOP, isArray=false, originalInstanceType=0, hasInstanceType=true, varID=7542)
VM: [gml_Script_anon_gml_Object_obj_event_manager_Create_0_4720_gml_Object_obj_event_manager_Create_0] READ var 'index' on object index 0 (obj_switchAsyncHelper) but no instance found (varType=STACKTOP, isArray=false, originalInstanceType=0, hasInstanceType=true, varID=7542)
VM: [gml_Script_anon_gml_Object_obj_event_manager_Create_0_4720_gml_Object_obj_event_manager_Create_0] READ var 'index' on object index 0 (obj_switchAsyncHelper) but no instance found (varType=STACKTOP, isArray=false, originalInstanceType=0, hasInstanceType=true, varID=7542)
VM: [gml_Script_anon_gml_Object_obj_event_manager_Create_0_4720_gml_Object_obj_event_manager_Create_0] READ var 'index' on object index 0 (obj_switchAsyncHelper) but no instance found (varType=STACKTOP, isArray=false, originalInstanceType=0, hasInstanceType=true, varID=7542)
VM: [gml_Script_anon_gml_Object_obj_event_manager_Create_0_4720_gml_Object_obj_event_manager_Create_0] READ var 'index' on object index 0 (obj_switchAsyncHelper) but no instance found (varType=STACKTOP, isArray=false, originalInstanceType=0, hasInstanceType=true, varID=7542)
VM: @@NewGMLObject@@ method has invalid codeIndex -1
VM: [gml_Script_anon_gml_Object_obj_event_manager_Create_0_4720_gml_Object_obj_event_manager_Create_0] READ var 'index' on object index 0 (obj_switchAsyncHelper) but no instance found (varType=STACKTOP, isArray=false, originalInstanceType=0, hasInstanceType=true, varID=7542)
VM: [gml_Script_anon_gml_Object_obj_event_manager_Create_0_4720_gml_Object_obj_event_manager_Create_0] READ var 'index' on object index 0 (obj_switchAsyncHelper) but no instance found (varType=STACKTOP, isArray=false, originalInstanceType=0, hasInstanceType=true, varID=7542)
VM: [gml_Script_anon_gml_Object_obj_event_manager_Create_0_4720_gml_Object_obj_event_manager_Create_0] READ var 'index' on object index 0 (obj_switchAsyncHelper) but no instance found (varType=STACKTOP, isArray=false, originalInstanceType=0, hasInstanceType=true, varID=7542)
VM: [gml_Script_anon_gml_Object_obj_event_manager_Create_0_4720_gml_Object_obj_event_manager_Create_0] READ var 'index' on object index 0 (obj_switchAsyncHelper) but no instance found (varType=STACKTOP, isArray=false, originalInstanceType=0, hasInstanceType=true, varID=7542)
VM: [gml_Script_anon_gml_Object_obj_event_manager_Create_0_4720_gml_Object_obj_event_manager_Create_0] READ var 'index' on object index 0 (obj_switchAsyncHelper) but no instance found (varType=STACKTOP, isArray=false, originalInstanceType=0, hasInstanceType=true, varID=7542)
VM: [gml_Script_anon_gml_Object_obj_event_manager_Create_0_4720_gml_Object_obj_event_manager_Create_0] READ var 'index' on object index 0 (obj_switchAsyncHelper) but no instance found (varType=STACKTOP, isArray=false, originalInstanceType=0, hasInstanceType=true, varID=7542)
VM: [gml_Script_anon_gml_Object_obj_event_manager_Create_0_4720_gml_Object_obj_event_manager_Create_0] READ var 'index' on object index 0 (obj_switchAsyncHelper) but no instance found (varType=STACKTOP, isArray=false, originalInstanceType=0, hasInstanceType=true, varID=7542)
VM: [gml_Script_anon_gml_Object_obj_event_manager_Create_0_4720_gml_Object_obj_event_manager_Create_0] READ var 'index' on object index 0 (obj_switchAsyncHelper) but no instance found (varType=STACKTOP, isArray=false, originalInstanceType=0, hasInstanceType=true, varID=7542)
VM: [gml_Script_anon_gml_Object_obj_event_manager_Create_0_4720_gml_Object_obj_event_manager_Create_0] READ var 'index' on object index 0 (obj_switchAsyncHelper) but no instance found (varType=STACKTOP, isArray=false, originalInstanceType=0, hasInstanceType=true, varID=7542)
VM: @@NewGMLObject@@ method has invalid codeIndex -1
VM: [gml_Script_anon_gml_Object_obj_event_manager_Create_0_4720_gml_Object_obj_event_manager_Create_0] READ var 'index' on object index 0 (obj_switchAsyncHelper) but no instance found (varType=STACKTOP, isArray=false, originalInstanceType=0, hasInstanceType=true, varID=7542)
VM: [gml_Script_anon_gml_Object_obj_event_manager_Create_0_4720_gml_Object_obj_event_manager_Create_0] READ var 'index' on object index 0 (obj_switchAsyncHelper) but no instance found (varType=STACKTOP, isArray=false, originalInstanceType=0, hasInstanceType=true, varID=7542)
VM: [gml_Script_anon_gml_Object_obj_event_manager_Create_0_4720_gml_Object_obj_event_manager_Create_0] READ var 'index' on object index 0 (obj_switchAsyncHelper) but no instance found (varType=STACKTOP, isArray=false, originalInstanceType=0, hasInstanceType=true, varID=7542)
VM: [gml_Script_anon_gml_Object_obj_event_manager_Create_0_4720_gml_Object_obj_event_manager_Create_0] READ var 'index' on object index 0 (obj_switchAsyncHelper) but no instance found (varType=STACKTOP, isArray=false, originalInstanceType=0, hasInstanceType=true, varID=7542)
VM: [gml_Script_anon_gml_Object_obj_event_manager_Create_0_4720_gml_Object_obj_event_manager_Create_0] READ var 'index' on object index 0 (obj_switchAsyncHelper) but no instance found (varType=STACKTOP, isArray=false, originalInstanceType=0, hasInstanceType=true, varID=7542)
VM: [gml_Script_anon_gml_Object_obj_event_manager_Create_0_4720_gml_Object_obj_event_manager_Create_0] READ var 'index' on object index 0 (obj_switchAsyncHelper) but no instance found (varType=STACKTOP, isArray=false, originalInstanceType=0, hasInstanceType=true, varID=7542)
VM: [gml_Script_anon_gml_Object_obj_event_manager_Create_0_4720_gml_Object_obj_event_manager_Create_0] READ var 'index' on object index 0 (obj_switchAsyncHelper) but no instance found (varType=STACKTOP, isArray=false, originalInstanceType=0, hasInstanceType=true, varID=7542)
VM: [gml_Script_anon_gml_Object_obj_event_manager_Create_0_4720_gml_Object_obj_event_manager_Create_0] READ var 'index' on object index 0 (obj_switchAsyncHelper) but no instance found (varType=STACKTOP, isArray=false, originalInstanceType=0, hasInstanceType=true, varID=7542)
VM: [gml_Script_anon_gml_Object_obj_event_manager_Create_0_4720_gml_Object_obj_event_manager_Create_0] READ var 'index' on object index 0 (obj_switchAsyncHelper) but no instance found (varType=STACKTOP, isArray=false, originalInstanceType=0, hasInstanceType=true, varID=7542)
VM: [gml_Script_anon_gml_Object_obj_event_manager_Create_0_4720_gml_Object_obj_event_manager_Create_0] READ var 'index' on object index 0 (obj_switchAsyncHelper) but no instance found (varType=STACKTOP, isArray=false, originalInstanceType=0, hasInstanceType=true, varID=7542)
VM: @@NewGMLObject@@ method has invalid codeIndex -1
VM: [gml_Script_anon_gml_Object_obj_event_manager_Create_0_4720_gml_Object_obj_event_manager_Create_0] READ var 'index' on object index 0 (obj_switchAsyncHelper) but no instance found (varType=STACKTOP, isArray=false, originalInstanceType=0, hasInstanceType=true, varID=7542)
VM: [gml_Script_anon_gml_Object_obj_event_manager_Create_0_4720_gml_Object_obj_event_manager_Create_0] READ var 'index' on object index 0 (obj_switchAsyncHelper) but no instance found (varType=STACKTOP, isArray=false, originalInstanceType=0, hasInstanceType=true, varID=7542)
VM: [gml_Script_anon_gml_Object_obj_event_manager_Create_0_4720_gml_Object_obj_event_manager_Create_0] READ var 'index' on object index 0 (obj_switchAsyncHelper) but no instance found (varType=STACKTOP, isArray=false, originalInstanceType=0, hasInstanceType=true, varID=7542)
VM: [gml_Script_anon_gml_Object_obj_event_manager_Create_0_4720_gml_Object_obj_event_manager_Create_0] READ var 'index' on object index 0 (obj_switchAsyncHelper) but no instance found (varType=STACKTOP, isArray=false, originalInstanceType=0, hasInstanceType=true, varID=7542)
VM: [gml_Script_anon_gml_Object_obj_event_manager_Create_0_4720_gml_Object_obj_event_manager_Create_0] READ var 'index' on object index 0 (obj_switchAsyncHelper) but no instance found (varType=STACKTOP, isArray=false, originalInstanceType=0, hasInstanceType=true, varID=7542)
VM: [gml_Script_anon_gml_Object_obj_event_manager_Create_0_4720_gml_Object_obj_event_manager_Create_0] READ var 'index' on object index 0 (obj_switchAsyncHelper) but no instance found (varType=STACKTOP, isArray=false, originalInstanceType=0, hasInstanceType=true, varID=7542)
VM: [gml_Script_anon_gml_Object_obj_event_manager_Create_0_4720_gml_Object_obj_event_manager_Create_0] READ var 'index' on object index 0 (obj_switchAsyncHelper) but no instance found (varType=STACKTOP, isArray=false, originalInstanceType=0, hasInstanceType=true, varID=7542)
VM: [gml_Script_anon_gml_Object_obj_event_manager_Create_0_4720_gml_Object_obj_event_manager_Create_0] READ var 'index' on object index 0 (obj_switchAsyncHelper) but no instance found (varType=STACKTOP, isArray=false, originalInstanceType=0, hasInstanceType=true, varID=7542)
VM: [gml_Script_anon_gml_Object_obj_event_manager_Create_0_4720_gml_Object_obj_event_manager_Create_0] READ var 'index' on object index 0 (obj_switchAsyncHelper) but no instance found (varType=STACKTOP, isArray=false, originalInstanceType=0, hasInstanceType=true, varID=7542)
VM: [gml_Script_anon_gml_Object_obj_event_manager_Create_0_4720_gml_Object_obj_event_manager_Create_0] READ var 'index' on object index 0 (obj_switchAsyncHelper) but no instance found (varType=STACKTOP, isArray=false, originalInstanceType=0, hasInstanceType=true, varID=7542)
VM: [gml_Script_anon_gml_Object_obj_event_manager_Create_0_4720_gml_Object_obj_event_manager_Create_0] READ var 'index' on object index 0 (obj_switchAsyncHelper) but no instance found (varType=STACKTOP, isArray=false, originalInstanceType=0, hasInstanceType=true, varID=7542)
VM: @@NewGMLObject@@ method has invalid codeIndex -1
VM: [gml_Script_anon_gml_Object_obj_event_manager_Create_0_4720_gml_Object_obj_event_manager_Create_0] READ var 'index' on object index 0 (obj_switchAsyncHelper) but no instance found (varType=STACKTOP, isArray=false, originalInstanceType=0, hasInstanceType=true, varID=7542)
VM: [gml_Script_anon_gml_Object_obj_event_manager_Create_0_4720_gml_Object_obj_event_manager_Create_0] READ var 'index' on object index 0 (obj_switchAsyncHelper) but no instance found (varType=STACKTOP, isArray=false, originalInstanceType=0, hasInstanceType=true, varID=7542)
VM: [gml_Script_anon_gml_Object_obj_event_manager_Create_0_4720_gml_Object_obj_event_manager_Create_0] READ var 'index' on object index 0 (obj_switchAsyncHelper) but no instance found (varType=STACKTOP, isArray=false, originalInstanceType=0, hasInstanceType=true, varID=7542)
VM: [gml_Script_anon_gml_Object_obj_event_manager_Create_0_4720_gml_Object_obj_event_manager_Create_0] READ var 'index' on object index 0 (obj_switchAsyncHelper) but no instance found (varType=STACKTOP, isArray=false, originalInstanceType=0, hasInstanceType=true, varID=7542)
VM: [gml_Script_anon_gml_Object_obj_event_manager_Create_0_4720_gml_Object_obj_event_manager_Create_0] READ var 'index' on object index 0 (obj_switchAsyncHelper) but no instance found (varType=STACKTOP, isArray=false, originalInstanceType=0, hasInstanceType=true, varID=7542)
VM: [gml_Script_anon_gml_Object_obj_event_manager_Create_0_4720_gml_Object_obj_event_manager_Create_0] READ var 'index' on object index 0 (obj_switchAsyncHelper) but no instance found (varType=STACKTOP, isArray=false, originalInstanceType=0, hasInstanceType=true, varID=7542)
VM: [gml_Script_anon_gml_Object_obj_event_manager_Create_0_4720_gml_Object_obj_event_manager_Create_0] READ var 'index' on object index 0 (obj_switchAsyncHelper) but no instance found (varType=STACKTOP, isArray=false, originalInstanceType=0, hasInstanceType=true, varID=7542)
VM: [gml_Script_anon_gml_Object_obj_event_manager_Create_0_4720_gml_Object_obj_event_manager_Create_0] READ var 'index' on object index 0 (obj_switchAsyncHelper) but no instance found (varType=STACKTOP, isArray=false, originalInstanceType=0, hasInstanceType=true, varID=7542)
VM: [gml_Script_anon_gml_Object_obj_event_manager_Create_0_4720_gml_Object_obj_event_manager_Create_0] READ var 'index' on object index 0 (obj_switchAsyncHelper) but no instance found (varType=STACKTOP, isArray=false, originalInstanceType=0, hasInstanceType=true, varID=7542)
VM: [gml_Script_anon_gml_Object_obj_event_manager_Create_0_4720_gml_Object_obj_event_manager_Create_0] READ var 'index' on object index 0 (obj_switchAsyncHelper) but no instance found (varType=STACKTOP, isArray=false, originalInstanceType=0, hasInstanceType=true, varID=7542)
VM: [gml_Script_anon_gml_Object_obj_event_manager_Create_0_4720_gml_Object_obj_event_manager_Create_0] READ var 'index' on object index 0 (obj_switchAsyncHelper) but no instance found (varType=STACKTOP, isArray=false, originalInstanceType=0, hasInstanceType=true, varID=7542)
VM: [gml_Script_anon_gml_Object_obj_event_manager_Create_0_4720_gml_Object_obj_event_manager_Create_0] READ var 'index' on object index 0 (obj_switchAsyncHelper) but no instance found (varType=STACKTOP, isArray=false, originalInstanceType=0, hasInstanceType=true, varID=7542)
VM: @@NewGMLObject@@ method has invalid codeIndex -1
VM: [gml_Script_anon_gml_Object_obj_event_manager_Create_0_4720_gml_Object_obj_event_manager_Create_0] READ var 'index' on object index 0 (obj_switchAsyncHelper) but no instance found (varType=STACKTOP, isArray=false, originalInstanceType=0, hasInstanceType=true, varID=7542)
VM: [gml_Script_anon_gml_Object_obj_event_manager_Create_0_4720_gml_Object_obj_event_manager_Create_0] READ var 'index' on object index 0 (obj_switchAsyncHelper) but no instance found (varType=STACKTOP, isArray=false, originalInstanceType=0, hasInstanceType=true, varID=7542)
VM: [gml_Script_anon_gml_Object_obj_event_manager_Create_0_4720_gml_Object_obj_event_manager_Create_0] READ var 'index' on object index 0 (obj_switchAsyncHelper) but no instance found (varType=STACKTOP, isArray=false, originalInstanceType=0, hasInstanceType=true, varID=7542)
VM: [gml_Script_anon_gml_Object_obj_event_manager_Create_0_4720_gml_Object_obj_event_manager_Create_0] READ var 'index' on object index 0 (obj_switchAsyncHelper) but no instance found (varType=STACKTOP, isArray=false, originalInstanceType=0, hasInstanceType=true, varID=7542)
VM: [gml_Script_anon_gml_Object_obj_event_manager_Create_0_4720_gml_Object_obj_event_manager_Create_0] READ var 'index' on object index 0 (obj_switchAsyncHelper) but no instance found (varType=STACKTOP, isArray=false, originalInstanceType=0, hasInstanceType=true, varID=7542)
VM: [gml_Script_anon_gml_Object_obj_event_manager_Create_0_4720_gml_Object_obj_event_manager_Create_0] READ var 'index' on object index 0 (obj_switchAsyncHelper) but no instance found (varType=STACKTOP, isArray=false, originalInstanceType=0, hasInstanceType=true, varID=7542)
VM: [gml_Script_anon_gml_Object_obj_event_manager_Create_0_4720_gml_Object_obj_event_manager_Create_0] READ var 'index' on object index 0 (obj_switchAsyncHelper) but no instance found (varType=STACKTOP, isArray=false, originalInstanceType=0, hasInstanceType=true, varID=7542)
VM: [gml_Script_anon_gml_Object_obj_event_manager_Create_0_4720_gml_Object_obj_event_manager_Create_0] READ var 'index' on object index 0 (obj_switchAsyncHelper) but no instance found (varType=STACKTOP, isArray=false, originalInstanceType=0, hasInstanceType=true, varID=7542)
VM: [gml_Script_anon_gml_Object_obj_event_manager_Create_0_4720_gml_Object_obj_event_manager_Create_0] READ var 'index' on object index 0 (obj_switchAsyncHelper) but no instance found (varType=STACKTOP, isArray=false, originalInstanceType=0, hasInstanceType=true, varID=7542)
VM: [gml_Script_anon_gml_Object_obj_event_manager_Create_0_4720_gml_Object_obj_event_manager_Create_0] READ var 'index' on object index 0 (obj_switchAsyncHelper) but no instance found (varType=STACKTOP, isArray=false, originalInstanceType=0, hasInstanceType=true, varID=7542)
VM: [gml_Script_anon_gml_Object_obj_event_manager_Create_0_4720_gml_Object_obj_event_manager_Create_0] READ var 'index' on object index 0 (obj_switchAsyncHelper) but no instance found (varType=STACKTOP, isArray=false, originalInstanceType=0, hasInstanceType=true, varID=7542)
VM: [gml_Script_anon_gml_Object_obj_event_manager_Create_0_4720_gml_Object_obj_event_manager_Create_0] READ var 'index' on object index 0 (obj_switchAsyncHelper) but no instance found (varType=STACKTOP, isArray=false, originalInstanceType=0, hasInstanceType=true, varID=7542)
VM: [gml_Script_anon_gml_Object_obj_event_manager_Create_0_4720_gml_Object_obj_event_manager_Create_0] READ var 'index' on object index 0 (obj_switchAsyncHelper) but no instance found (varType=STACKTOP, isArray=false, originalInstanceType=0, hasInstanceType=true, varID=7542)
VM: @@NewGMLObject@@ method has invalid codeIndex -1
VM: [gml_Script_anon_gml_Object_obj_event_manager_Create_0_4720_gml_Object_obj_event_manager_Create_0] READ var 'index' on object index 0 (obj_switchAsyncHelper) but no instance found (varType=STACKTOP, isArray=false, originalInstanceType=0, hasInstanceType=true, varID=7542)
VM: [gml_Script_anon_gml_Object_obj_event_manager_Create_0_4720_gml_Object_obj_event_manager_Create_0] READ var 'index' on object index 0 (obj_switchAsyncHelper) but no instance found (varType=STACKTOP, isArray=false, originalInstanceType=0, hasInstanceType=true, varID=7542)
VM: [gml_Script_anon_gml_Object_obj_event_manager_Create_0_4720_gml_Object_obj_event_manager_Create_0] READ var 'index' on object index 0 (obj_switchAsyncHelper) but no instance found (varType=STACKTOP, isArray=false, originalInstanceType=0, hasInstanceType=true, varID=7542)
VM: [gml_Script_anon_gml_Object_obj_event_manager_Create_0_4720_gml_Object_obj_event_manager_Create_0] READ var 'index' on object index 0 (obj_switchAsyncHelper) but no instance found (varType=STACKTOP, isArray=false, originalInstanceType=0, hasInstanceType=true, varID=7542)
VM: [gml_Script_anon_gml_Object_obj_event_manager_Create_0_4720_gml_Object_obj_event_manager_Create_0] READ var 'index' on object index 0 (obj_switchAsyncHelper) but no instance found (varType=STACKTOP, isArray=false, originalInstanceType=0, hasInstanceType=true, varID=7542)
VM: [gml_Script_anon_gml_Object_obj_event_manager_Create_0_4720_gml_Object_obj_event_manager_Create_0] READ var 'index' on object index 0 (obj_switchAsyncHelper) but no instance found (varType=STACKTOP, isArray=false, originalInstanceType=0, hasInstanceType=true, varID=7542)
VM: [gml_Script_anon_gml_Object_obj_event_manager_Create_0_4720_gml_Object_obj_event_manager_Create_0] READ var 'index' on object index 0 (obj_switchAsyncHelper) but no instance found (varType=STACKTOP, isArray=false, originalInstanceType=0, hasInstanceType=true, varID=7542)
VM: [gml_Script_anon_gml_Object_obj_event_manager_Create_0_4720_gml_Object_obj_event_manager_Create_0] READ var 'index' on object index 0 (obj_switchAsyncHelper) but no instance found (varType=STACKTOP, isArray=false, originalInstanceType=0, hasInstanceType=true, varID=7542)
VM: [gml_Script_anon_gml_Object_obj_event_manager_Create_0_4720_gml_Object_obj_event_manager_Create_0] READ var 'index' on object index 0 (obj_switchAsyncHelper) but no instance found (varType=STACKTOP, isArray=false, originalInstanceType=0, hasInstanceType=true, varID=7542)
VM: [gml_Script_anon_gml_Object_obj_event_manager_Create_0_4720_gml_Object_obj_event_manager_Create_0] READ var 'index' on object index 0 (obj_switchAsyncHelper) but no instance found (varType=STACKTOP, isArray=false, originalInstanceType=0, hasInstanceType=true, varID=7542)
VM: [gml_Script_anon_gml_Object_obj_event_manager_Create_0_4720_gml_Object_obj_event_manager_Create_0] READ var 'index' on object index 0 (obj_switchAsyncHelper) but no instance found (varType=STACKTOP, isArray=false, originalInstanceType=0, hasInstanceType=true, varID=7542)
VM: [gml_Script_anon_gml_Object_obj_event_manager_Create_0_4720_gml_Object_obj_event_manager_Create_0] READ var 'index' on object index 0 (obj_switchAsyncHelper) but no instance found (varType=STACKTOP, isArray=false, originalInstanceType=0, hasInstanceType=true, varID=7542)
VM: [gml_Script_anon_gml_Object_obj_event_manager_Create_0_4720_gml_Object_obj_event_manager_Create_0] READ var 'index' on object index 0 (obj_switchAsyncHelper) but no instance found (varType=STACKTOP, isArray=false, originalInstanceType=0, hasInstanceType=true, varID=7542)
VM: [gml_Script_anon_gml_Object_obj_event_manager_Create_0_4720_gml_Object_obj_event_manager_Create_0] READ var 'index' on object index 0 (obj_switchAsyncHelper) but no instance found (varType=STACKTOP, isArray=false, originalInstanceType=0, hasInstanceType=true, varID=7542)
VM: @@NewGMLObject@@ method has invalid codeIndex -1
VM: [gml_Script_anon_gml_Object_obj_event_manager_Create_0_4720_gml_Object_obj_event_manager_Create_0] READ var 'index' on object index 0 (obj_switchAsyncHelper) but no instance found (varType=STACKTOP, isArray=false, originalInstanceType=0, hasInstanceType=true, varID=7542)
VM: [gml_Script_anon_gml_Object_obj_event_manager_Create_0_4720_gml_Object_obj_event_manager_Create_0] READ var 'index' on object index 0 (obj_switchAsyncHelper) but no instance found (varType=STACKTOP, isArray=false, originalInstanceType=0, hasInstanceType=true, varID=7542)
VM: [gml_Script_anon_gml_Object_obj_event_manager_Create_0_4720_gml_Object_obj_event_manager_Create_0] READ var 'index' on object index 0 (obj_switchAsyncHelper) but no instance found (varType=STACKTOP, isArray=false, originalInstanceType=0, hasInstanceType=true, varID=7542)
VM: [gml_Script_anon_gml_Object_obj_event_manager_Create_0_4720_gml_Object_obj_event_manager_Create_0] READ var 'index' on object index 0 (obj_switchAsyncHelper) but no instance found (varType=STACKTOP, isArray=false, originalInstanceType=0, hasInstanceType=true, varID=7542)
VM: [gml_Script_anon_gml_Object_obj_event_manager_Create_0_4720_gml_Object_obj_event_manager_Create_0] READ var 'index' on object index 0 (obj_switchAsyncHelper) but no instance found (varType=STACKTOP, isArray=false, originalInstanceType=0, hasInstanceType=true, varID=7542)
VM: [gml_Script_anon_gml_Object_obj_event_manager_Create_0_4720_gml_Object_obj_event_manager_Create_0] READ var 'index' on object index 0 (obj_switchAsyncHelper) but no instance found (varType=STACKTOP, isArray=false, originalInstanceType=0, hasInstanceType=true, varID=7542)
VM: [gml_Script_anon_gml_Object_obj_event_manager_Create_0_4720_gml_Object_obj_event_manager_Create_0] READ var 'index' on object index 0 (obj_switchAsyncHelper) but no instance found (varType=STACKTOP, isArray=false, originalInstanceType=0, hasInstanceType=true, varID=7542)
VM: [gml_Script_anon_gml_Object_obj_event_manager_Create_0_4720_gml_Object_obj_event_manager_Create_0] READ var 'index' on object index 0 (obj_switchAsyncHelper) but no instance found (varType=STACKTOP, isArray=false, originalInstanceType=0, hasInstanceType=true, varID=7542)
VM: [gml_Script_anon_gml_Object_obj_event_manager_Create_0_4720_gml_Object_obj_event_manager_Create_0] READ var 'index' on object index 0 (obj_switchAsyncHelper) but no instance found (varType=STACKTOP, isArray=false, originalInstanceType=0, hasInstanceType=true, varID=7542)
VM: [gml_Script_anon_gml_Object_obj_event_manager_Create_0_4720_gml_Object_obj_event_manager_Create_0] READ var 'index' on object index 0 (obj_switchAsyncHelper) but no instance found (varType=STACKTOP, isArray=false, originalInstanceType=0, hasInstanceType=true, varID=7542)
VM: [gml_Script_anon_gml_Object_obj_event_manager_Create_0_4720_gml_Object_obj_event_manager_Create_0] READ var 'index' on object index 0 (obj_switchAsyncHelper) but no instance found (varType=STACKTOP, isArray=false, originalInstanceType=0, hasInstanceType=true, varID=7542)
VM: [gml_Script_anon_gml_Object_obj_event_manager_Create_0_4720_gml_Object_obj_event_manager_Create_0] READ var 'index' on object index 0 (obj_switchAsyncHelper) but no instance found (varType=STACKTOP, isArray=false, originalInstanceType=0, hasInstanceType=true, varID=7542)
VM: [gml_Script_anon_gml_Object_obj_event_manager_Create_0_4720_gml_Object_obj_event_manager_Create_0] READ var 'index' on object index 0 (obj_switchAsyncHelper) but no instance found (varType=STACKTOP, isArray=false, originalInstanceType=0, hasInstanceType=true, varID=7542)
VM: [gml_Script_anon_gml_Object_obj_event_manager_Create_0_4720_gml_Object_obj_event_manager_Create_0] READ var 'index' on object index 0 (obj_switchAsyncHelper) but no instance found (varType=STACKTOP, isArray=false, originalInstanceType=0, hasInstanceType=true, varID=7542)
VM: [gml_Script_anon_gml_Object_obj_event_manager_Create_0_4720_gml_Object_obj_event_manager_Create_0] READ var 'index' on object index 0 (obj_switchAsyncHelper) but no instance found (varType=STACKTOP, isArray=false, originalInstanceType=0, hasInstanceType=true, varID=7542)
VM: @@NewGMLObject@@ method has invalid codeIndex -1
VM: [gml_Script_anon_gml_Object_obj_event_manager_Create_0_4720_gml_Object_obj_event_manager_Create_0] READ var 'index' on object index 0 (obj_switchAsyncHelper) but no instance found (varType=STACKTOP, isArray=false, originalInstanceType=0, hasInstanceType=true, varID=7542)
VM: [gml_Script_anon_gml_Object_obj_event_manager_Create_0_4720_gml_Object_obj_event_manager_Create_0] READ var 'index' on object index 0 (obj_switchAsyncHelper) but no instance found (varType=STACKTOP, isArray=false, originalInstanceType=0, hasInstanceType=true, varID=7542)
VM: [gml_Script_anon_gml_Object_obj_event_manager_Create_0_4720_gml_Object_obj_event_manager_Create_0] READ var 'index' on object index 0 (obj_switchAsyncHelper) but no instance found (varType=STACKTOP, isArray=false, originalInstanceType=0, hasInstanceType=true, varID=7542)
VM: [gml_Script_anon_gml_Object_obj_event_manager_Create_0_4720_gml_Object_obj_event_manager_Create_0] READ var 'index' on object index 0 (obj_switchAsyncHelper) but no instance found (varType=STACKTOP, isArray=false, originalInstanceType=0, hasInstanceType=true, varID=7542)
VM: [gml_Script_anon_gml_Object_obj_event_manager_Create_0_4720_gml_Object_obj_event_manager_Create_0] READ var 'index' on object index 0 (obj_switchAsyncHelper) but no instance found (varType=STACKTOP, isArray=false, originalInstanceType=0, hasInstanceType=true, varID=7542)
VM: [gml_Script_anon_gml_Object_obj_event_manager_Create_0_4720_gml_Object_obj_event_manager_Create_0] READ var 'index' on object index 0 (obj_switchAsyncHelper) but no instance found (varType=STACKTOP, isArray=false, originalInstanceType=0, hasInstanceType=true, varID=7542)
VM: [gml_Script_anon_gml_Object_obj_event_manager_Create_0_4720_gml_Object_obj_event_manager_Create_0] READ var 'index' on object index 0 (obj_switchAsyncHelper) but no instance found (varType=STACKTOP, isArray=false, originalInstanceType=0, hasInstanceType=true, varID=7542)
VM: [gml_Script_anon_gml_Object_obj_event_manager_Create_0_4720_gml_Object_obj_event_manager_Create_0] READ var 'index' on object index 0 (obj_switchAsyncHelper) but no instance found (varType=STACKTOP, isArray=false, originalInstanceType=0, hasInstanceType=true, varID=7542)
VM: [gml_Script_anon_gml_Object_obj_event_manager_Create_0_4720_gml_Object_obj_event_manager_Create_0] READ var 'index' on object index 0 (obj_switchAsyncHelper) but no instance found (varType=STACKTOP, isArray=false, originalInstanceType=0, hasInstanceType=true, varID=7542)
VM: [gml_Script_anon_gml_Object_obj_event_manager_Create_0_4720_gml_Object_obj_event_manager_Create_0] READ var 'index' on object index 0 (obj_switchAsyncHelper) but no instance found (varType=STACKTOP, isArray=false, originalInstanceType=0, hasInstanceType=true, varID=7542)
VM: [gml_Script_anon_gml_Object_obj_event_manager_Create_0_4720_gml_Object_obj_event_manager_Create_0] READ var 'index' on object index 0 (obj_switchAsyncHelper) but no instance found (varType=STACKTOP, isArray=false, originalInstanceType=0, hasInstanceType=true, varID=7542)
VM: [gml_Script_anon_gml_Object_obj_event_manager_Create_0_4720_gml_Object_obj_event_manager_Create_0] READ var 'index' on object index 0 (obj_switchAsyncHelper) but no instance found (varType=STACKTOP, isArray=false, originalInstanceType=0, hasInstanceType=true, varID=7542)
VM: [gml_Script_anon_gml_Object_obj_event_manager_Create_0_4720_gml_Object_obj_event_manager_Create_0] READ var 'index' on object index 0 (obj_switchAsyncHelper) but no instance found (varType=STACKTOP, isArray=false, originalInstanceType=0, hasInstanceType=true, varID=7542)
VM: [gml_Script_anon_gml_Object_obj_event_manager_Create_0_4720_gml_Object_obj_event_manager_Create_0] READ var 'index' on object index 0 (obj_switchAsyncHelper) but no instance found (varType=STACKTOP, isArray=false, originalInstanceType=0, hasInstanceType=true, varID=7542)
VM: [gml_Script_anon_gml_Object_obj_event_manager_Create_0_4720_gml_Object_obj_event_manager_Create_0] READ var 'index' on object index 0 (obj_switchAsyncHelper) but no instance found (varType=STACKTOP, isArray=false, originalInstanceType=0, hasInstanceType=true, varID=7542)
VM: [gml_Script_anon_gml_Object_obj_event_manager_Create_0_4720_gml_Object_obj_event_manager_Create_0] READ var 'index' on object index 0 (obj_switchAsyncHelper) but no instance found (varType=STACKTOP, isArray=false, originalInstanceType=0, hasInstanceType=true, varID=7542)
VM: @@NewGMLObject@@ method has invalid codeIndex -1
VM: [gml_Script_anon_gml_Object_obj_event_manager_Create_0_4720_gml_Object_obj_event_manager_Create_0] READ var 'index' on object index 0 (obj_switchAsyncHelper) but no instance found (varType=STACKTOP, isArray=false, originalInstanceType=0, hasInstanceType=true, varID=7542)
VM: [gml_Script_anon_gml_Object_obj_event_manager_Create_0_4720_gml_Object_obj_event_manager_Create_0] READ var 'index' on object index 0 (obj_switchAsyncHelper) but no instance found (varType=STACKTOP, isArray=false, originalInstanceType=0, hasInstanceType=true, varID=7542)
VM: [gml_Script_anon_gml_Object_obj_event_manager_Create_0_4720_gml_Object_obj_event_manager_Create_0] READ var 'index' on object index 0 (obj_switchAsyncHelper) but no instance found (varType=STACKTOP, isArray=false, originalInstanceType=0, hasInstanceType=true, varID=7542)
VM: [gml_Script_anon_gml_Object_obj_event_manager_Create_0_4720_gml_Object_obj_event_manager_Create_0] READ var 'index' on object index 0 (obj_switchAsyncHelper) but no instance found (varType=STACKTOP, isArray=false, originalInstanceType=0, hasInstanceType=true, varID=7542)
VM: [gml_Script_anon_gml_Object_obj_event_manager_Create_0_4720_gml_Object_obj_event_manager_Create_0] READ var 'index' on object index 0 (obj_switchAsyncHelper) but no instance found (varType=STACKTOP, isArray=false, originalInstanceType=0, hasInstanceType=true, varID=7542)
VM: [gml_Script_anon_gml_Object_obj_event_manager_Create_0_4720_gml_Object_obj_event_manager_Create_0] READ var 'index' on object index 0 (obj_switchAsyncHelper) but no instance found (varType=STACKTOP, isArray=false, originalInstanceType=0, hasInstanceType=true, varID=7542)
VM: [gml_Script_anon_gml_Object_obj_event_manager_Create_0_4720_gml_Object_obj_event_manager_Create_0] READ var 'index' on object index 0 (obj_switchAsyncHelper) but no instance found (varType=STACKTOP, isArray=false, originalInstanceType=0, hasInstanceType=true, varID=7542)
VM: [gml_Script_anon_gml_Object_obj_event_manager_Create_0_4720_gml_Object_obj_event_manager_Create_0] READ var 'index' on object index 0 (obj_switchAsyncHelper) but no instance found (varType=STACKTOP, isArray=false, originalInstanceType=0, hasInstanceType=true, varID=7542)
VM: [gml_Script_anon_gml_Object_obj_event_manager_Create_0_4720_gml_Object_obj_event_manager_Create_0] READ var 'index' on object index 0 (obj_switchAsyncHelper) but no instance found (varType=STACKTOP, isArray=false, originalInstanceType=0, hasInstanceType=true, varID=7542)
VM: [gml_Script_anon_gml_Object_obj_event_manager_Create_0_4720_gml_Object_obj_event_manager_Create_0] READ var 'index' on object index 0 (obj_switchAsyncHelper) but no instance found (varType=STACKTOP, isArray=false, originalInstanceType=0, hasInstanceType=true, varID=7542)
VM: [gml_Script_anon_gml_Object_obj_event_manager_Create_0_4720_gml_Object_obj_event_manager_Create_0] READ var 'index' on object index 0 (obj_switchAsyncHelper) but no instance found (varType=STACKTOP, isArray=false, originalInstanceType=0, hasInstanceType=true, varID=7542)
VM: [gml_Script_anon_gml_Object_obj_event_manager_Create_0_4720_gml_Object_obj_event_manager_Create_0] READ var 'index' on object index 0 (obj_switchAsyncHelper) but no instance found (varType=STACKTOP, isArray=false, originalInstanceType=0, hasInstanceType=true, varID=7542)
VM: [gml_Script_anon_gml_Object_obj_event_manager_Create_0_4720_gml_Object_obj_event_manager_Create_0] READ var 'index' on object index 0 (obj_switchAsyncHelper) but no instance found (varType=STACKTOP, isArray=false, originalInstanceType=0, hasInstanceType=true, varID=7542)
VM: [gml_Script_anon_gml_Object_obj_event_manager_Create_0_4720_gml_Object_obj_event_manager_Create_0] READ var 'index' on object index 0 (obj_switchAsyncHelper) but no instance found (varType=STACKTOP, isArray=false, originalInstanceType=0, hasInstanceType=true, varID=7542)
VM: [gml_Script_anon_gml_Object_obj_event_manager_Create_0_4720_gml_Object_obj_event_manager_Create_0] READ var 'index' on object index 0 (obj_switchAsyncHelper) but no instance found (varType=STACKTOP, isArray=false, originalInstanceType=0, hasInstanceType=true, varID=7542)
VM: [gml_Script_anon_gml_Object_obj_event_manager_Create_0_4720_gml_Object_obj_event_manager_Create_0] READ var 'index' on object index 0 (obj_switchAsyncHelper) but no instance found (varType=STACKTOP, isArray=false, originalInstanceType=0, hasInstanceType=true, varID=7542)
VM: [gml_Script_anon_gml_Object_obj_event_manager_Create_0_4720_gml_Object_obj_event_manager_Create_0] READ var 'index' on object index 0 (obj_switchAsyncHelper) but no instance found (varType=STACKTOP, isArray=false, originalInstanceType=0, hasInstanceType=true, varID=7542)
VM: @@NewGMLObject@@ method has invalid codeIndex -1
VM: [gml_Script_anon_gml_Object_obj_event_manager_Create_0_4720_gml_Object_obj_event_manager_Create_0] READ var 'index' on object index 0 (obj_switchAsyncHelper) but no instance found (varType=STACKTOP, isArray=false, originalInstanceType=0, hasInstanceType=true, varID=7542)
VM: [gml_Script_anon_gml_Object_obj_event_manager_Create_0_4720_gml_Object_obj_event_manager_Create_0] READ var 'index' on object index 0 (obj_switchAsyncHelper) but no instance found (varType=STACKTOP, isArray=false, originalInstanceType=0, hasInstanceType=true, varID=7542)
VM: [gml_Script_anon_gml_Object_obj_event_manager_Create_0_4720_gml_Object_obj_event_manager_Create_0] READ var 'index' on object index 0 (obj_switchAsyncHelper) but no instance found (varType=STACKTOP, isArray=false, originalInstanceType=0, hasInstanceType=true, varID=7542)
VM: [gml_Script_anon_gml_Object_obj_event_manager_Create_0_4720_gml_Object_obj_event_manager_Create_0] READ var 'index' on object index 0 (obj_switchAsyncHelper) but no instance found (varType=STACKTOP, isArray=false, originalInstanceType=0, hasInstanceType=true, varID=7542)
VM: [gml_Script_anon_gml_Object_obj_event_manager_Create_0_4720_gml_Object_obj_event_manager_Create_0] READ var 'index' on object index 0 (obj_switchAsyncHelper) but no instance found (varType=STACKTOP, isArray=false, originalInstanceType=0, hasInstanceType=true, varID=7542)
VM: [gml_Script_anon_gml_Object_obj_event_manager_Create_0_4720_gml_Object_obj_event_manager_Create_0] READ var 'index' on object index 0 (obj_switchAsyncHelper) but no instance found (varType=STACKTOP, isArray=false, originalInstanceType=0, hasInstanceType=true, varID=7542)
VM: [gml_Script_anon_gml_Object_obj_event_manager_Create_0_4720_gml_Object_obj_event_manager_Create_0] READ var 'index' on object index 0 (obj_switchAsyncHelper) but no instance found (varType=STACKTOP, isArray=false, originalInstanceType=0, hasInstanceType=true, varID=7542)
VM: [gml_Script_anon_gml_Object_obj_event_manager_Create_0_4720_gml_Object_obj_event_manager_Create_0] READ var 'index' on object index 0 (obj_switchAsyncHelper) but no instance found (varType=STACKTOP, isArray=false, originalInstanceType=0, hasInstanceType=true, varID=7542)
VM: [gml_Script_anon_gml_Object_obj_event_manager_Create_0_4720_gml_Object_obj_event_manager_Create_0] READ var 'index' on object index 0 (obj_switchAsyncHelper) but no instance found (varType=STACKTOP, isArray=false, originalInstanceType=0, hasInstanceType=true, varID=7542)
VM: [gml_Script_anon_gml_Object_obj_event_manager_Create_0_4720_gml_Object_obj_event_manager_Create_0] READ var 'index' on object index 0 (obj_switchAsyncHelper) but no instance found (varType=STACKTOP, isArray=false, originalInstanceType=0, hasInstanceType=true, varID=7542)
VM: [gml_Script_anon_gml_Object_obj_event_manager_Create_0_4720_gml_Object_obj_event_manager_Create_0] READ var 'index' on object index 0 (obj_switchAsyncHelper) but no instance found (varType=STACKTOP, isArray=false, originalInstanceType=0, hasInstanceType=true, varID=7542)
VM: [gml_Script_anon_gml_Object_obj_event_manager_Create_0_4720_gml_Object_obj_event_manager_Create_0] READ var 'index' on object index 0 (obj_switchAsyncHelper) but no instance found (varType=STACKTOP, isArray=false, originalInstanceType=0, hasInstanceType=true, varID=7542)
VM: [gml_Script_anon_gml_Object_obj_event_manager_Create_0_4720_gml_Object_obj_event_manager_Create_0] READ var 'index' on object index 0 (obj_switchAsyncHelper) but no instance found (varType=STACKTOP, isArray=false, originalInstanceType=0, hasInstanceType=true, varID=7542)
VM: [gml_Script_anon_gml_Object_obj_event_manager_Create_0_4720_gml_Object_obj_event_manager_Create_0] READ var 'index' on object index 0 (obj_switchAsyncHelper) but no instance found (varType=STACKTOP, isArray=false, originalInstanceType=0, hasInstanceType=true, varID=7542)
VM: [gml_Script_anon_gml_Object_obj_event_manager_Create_0_4720_gml_Object_obj_event_manager_Create_0] READ var 'index' on object index 0 (obj_switchAsyncHelper) but no instance found (varType=STACKTOP, isArray=false, originalInstanceType=0, hasInstanceType=true, varID=7542)
VM: [gml_Script_anon_gml_Object_obj_event_manager_Create_0_4720_gml_Object_obj_event_manager_Create_0] READ var 'index' on object index 0 (obj_switchAsyncHelper) but no instance found (varType=STACKTOP, isArray=false, originalInstanceType=0, hasInstanceType=true, varID=7542)
VM: [gml_Script_anon_gml_Object_obj_event_manager_Create_0_4720_gml_Object_obj_event_manager_Create_0] READ var 'index' on object index 0 (obj_switchAsyncHelper) but no instance found (varType=STACKTOP, isArray=false, originalInstanceType=0, hasInstanceType=true, varID=7542)
VM: [gml_Script_anon_gml_Object_obj_event_manager_Create_0_4720_gml_Object_obj_event_manager_Create_0] READ var 'index' on object index 0 (obj_switchAsyncHelper) but no instance found (varType=STACKTOP, isArray=false, originalInstanceType=0, hasInstanceType=true, varID=7542)
VM: @@NewGMLObject@@ method has invalid codeIndex -1
VM: [gml_Script_anon_gml_Object_obj_event_manager_Create_0_4720_gml_Object_obj_event_manager_Create_0] READ var 'index' on object index 0 (obj_switchAsyncHelper) but no instance found (varType=STACKTOP, isArray=false, originalInstanceType=0, hasInstanceType=true, varID=7542)
VM: [gml_Script_anon_gml_Object_obj_event_manager_Create_0_4720_gml_Object_obj_event_manager_Create_0] READ var 'index' on object index 0 (obj_switchAsyncHelper) but no instance found (varType=STACKTOP, isArray=false, originalInstanceType=0, hasInstanceType=true, varID=7542)
VM: [gml_Script_anon_gml_Object_obj_event_manager_Create_0_4720_gml_Object_obj_event_manager_Create_0] READ var 'index' on object index 0 (obj_switchAsyncHelper) but no instance found (varType=STACKTOP, isArray=false, originalInstanceType=0, hasInstanceType=true, varID=7542)
VM: [gml_Script_anon_gml_Object_obj_event_manager_Create_0_4720_gml_Object_obj_event_manager_Create_0] READ var 'index' on object index 0 (obj_switchAsyncHelper) but no instance found (varType=STACKTOP, isArray=false, originalInstanceType=0, hasInstanceType=true, varID=7542)
VM: [gml_Script_anon_gml_Object_obj_event_manager_Create_0_4720_gml_Object_obj_event_manager_Create_0] READ var 'index' on object index 0 (obj_switchAsyncHelper) but no instance found (varType=STACKTOP, isArray=false, originalInstanceType=0, hasInstanceType=true, varID=7542)
VM: [gml_Script_anon_gml_Object_obj_event_manager_Create_0_4720_gml_Object_obj_event_manager_Create_0] READ var 'index' on object index 0 (obj_switchAsyncHelper) but no instance found (varType=STACKTOP, isArray=false, originalInstanceType=0, hasInstanceType=true, varID=7542)
VM: [gml_Script_anon_gml_Object_obj_event_manager_Create_0_4720_gml_Object_obj_event_manager_Create_0] READ var 'index' on object index 0 (obj_switchAsyncHelper) but no instance found (varType=STACKTOP, isArray=false, originalInstanceType=0, hasInstanceType=true, varID=7542)
VM: [gml_Script_anon_gml_Object_obj_event_manager_Create_0_4720_gml_Object_obj_event_manager_Create_0] READ var 'index' on object index 0 (obj_switchAsyncHelper) but no instance found (varType=STACKTOP, isArray=false, originalInstanceType=0, hasInstanceType=true, varID=7542)
VM: [gml_Script_anon_gml_Object_obj_event_manager_Create_0_4720_gml_Object_obj_event_manager_Create_0] READ var 'index' on object index 0 (obj_switchAsyncHelper) but no instance found (varType=STACKTOP, isArray=false, originalInstanceType=0, hasInstanceType=true, varID=7542)
VM: [gml_Script_anon_gml_Object_obj_event_manager_Create_0_4720_gml_Object_obj_event_manager_Create_0] READ var 'index' on object index 0 (obj_switchAsyncHelper) but no instance found (varType=STACKTOP, isArray=false, originalInstanceType=0, hasInstanceType=true, varID=7542)
VM: [gml_Script_anon_gml_Object_obj_event_manager_Create_0_4720_gml_Object_obj_event_manager_Create_0] READ var 'index' on object index 0 (obj_switchAsyncHelper) but no instance found (varType=STACKTOP, isArray=false, originalInstanceType=0, hasInstanceType=true, varID=7542)
VM: [gml_Script_anon_gml_Object_obj_event_manager_Create_0_4720_gml_Object_obj_event_manager_Create_0] READ var 'index' on object index 0 (obj_switchAsyncHelper) but no instance found (varType=STACKTOP, isArray=false, originalInstanceType=0, hasInstanceType=true, varID=7542)
VM: [gml_Script_anon_gml_Object_obj_event_manager_Create_0_4720_gml_Object_obj_event_manager_Create_0] READ var 'index' on object index 0 (obj_switchAsyncHelper) but no instance found (varType=STACKTOP, isArray=false, originalInstanceType=0, hasInstanceType=true, varID=7542)
VM: [gml_Script_anon_gml_Object_obj_event_manager_Create_0_4720_gml_Object_obj_event_manager_Create_0] READ var 'index' on object index 0 (obj_switchAsyncHelper) but no instance found (varType=STACKTOP, isArray=false, originalInstanceType=0, hasInstanceType=true, varID=7542)
VM: [gml_Script_anon_gml_Object_obj_event_manager_Create_0_4720_gml_Object_obj_event_manager_Create_0] READ var 'index' on object index 0 (obj_switchAsyncHelper) but no instance found (varType=STACKTOP, isArray=false, originalInstanceType=0, hasInstanceType=true, varID=7542)
VM: [gml_Script_anon_gml_Object_obj_event_manager_Create_0_4720_gml_Object_obj_event_manager_Create_0] READ var 'index' on object index 0 (obj_switchAsyncHelper) but no instance found (varType=STACKTOP, isArray=false, originalInstanceType=0, hasInstanceType=true, varID=7542)
VM: [gml_Script_anon_gml_Object_obj_event_manager_Create_0_4720_gml_Object_obj_event_manager_Create_0] READ var 'index' on object index 0 (obj_switchAsyncHelper) but no instance found (varType=STACKTOP, isArray=false, originalInstanceType=0, hasInstanceType=true, varID=7542)
VM: [gml_Script_anon_gml_Object_obj_event_manager_Create_0_4720_gml_Object_obj_event_manager_Create_0] READ var 'index' on object index 0 (obj_switchAsyncHelper) but no instance found (varType=STACKTOP, isArray=false, originalInstanceType=0, hasInstanceType=true, varID=7542)
VM: [gml_Script_anon_gml_Object_obj_event_manager_Create_0_4720_gml_Object_obj_event_manager_Create_0] READ var 'index' on object index 0 (obj_switchAsyncHelper) but no instance found (varType=STACKTOP, isArray=false, originalInstanceType=0, hasInstanceType=true, varID=7542)
VM: @@NewGMLObject@@ method has invalid codeIndex -1
VM: [gml_Script_anon_gml_Object_obj_event_manager_Create_0_4720_gml_Object_obj_event_manager_Create_0] READ var 'index' on object index 0 (obj_switchAsyncHelper) but no instance found (varType=STACKTOP, isArray=false, originalInstanceType=0, hasInstanceType=true, varID=7542)
VM: [gml_Script_anon_gml_Object_obj_event_manager_Create_0_4720_gml_Object_obj_event_manager_Create_0] READ var 'index' on object index 0 (obj_switchAsyncHelper) but no instance found (varType=STACKTOP, isArray=false, originalInstanceType=0, hasInstanceType=true, varID=7542)
VM: [gml_Script_anon_gml_Object_obj_event_manager_Create_0_4720_gml_Object_obj_event_manager_Create_0] READ var 'index' on object index 0 (obj_switchAsyncHelper) but no instance found (varType=STACKTOP, isArray=false, originalInstanceType=0, hasInstanceType=true, varID=7542)
VM: [gml_Script_anon_gml_Object_obj_event_manager_Create_0_4720_gml_Object_obj_event_manager_Create_0] READ var 'index' on object index 0 (obj_switchAsyncHelper) but no instance found (varType=STACKTOP, isArray=false, originalInstanceType=0, hasInstanceType=true, varID=7542)
VM: [gml_Script_anon_gml_Object_obj_event_manager_Create_0_4720_gml_Object_obj_event_manager_Create_0] READ var 'index' on object index 0 (obj_switchAsyncHelper) but no instance found (varType=STACKTOP, isArray=false, originalInstanceType=0, hasInstanceType=true, varID=7542)
VM: [gml_Script_anon_gml_Object_obj_event_manager_Create_0_4720_gml_Object_obj_event_manager_Create_0] READ var 'index' on object index 0 (obj_switchAsyncHelper) but no instance found (varType=STACKTOP, isArray=false, originalInstanceType=0, hasInstanceType=true, varID=7542)
VM: [gml_Script_anon_gml_Object_obj_event_manager_Create_0_4720_gml_Object_obj_event_manager_Create_0] READ var 'index' on object index 0 (obj_switchAsyncHelper) but no instance found (varType=STACKTOP, isArray=false, originalInstanceType=0, hasInstanceType=true, varID=7542)
VM: [gml_Script_anon_gml_Object_obj_event_manager_Create_0_4720_gml_Object_obj_event_manager_Create_0] READ var 'index' on object index 0 (obj_switchAsyncHelper) but no instance found (varType=STACKTOP, isArray=false, originalInstanceType=0, hasInstanceType=true, varID=7542)
VM: [gml_Script_anon_gml_Object_obj_event_manager_Create_0_4720_gml_Object_obj_event_manager_Create_0] READ var 'index' on object index 0 (obj_switchAsyncHelper) but no instance found (varType=STACKTOP, isArray=false, originalInstanceType=0, hasInstanceType=true, varID=7542)
VM: [gml_Script_anon_gml_Object_obj_event_manager_Create_0_4720_gml_Object_obj_event_manager_Create_0] READ var 'index' on object index 0 (obj_switchAsyncHelper) but no instance found (varType=STACKTOP, isArray=false, originalInstanceType=0, hasInstanceType=true, varID=7542)
VM: [gml_Script_anon_gml_Object_obj_event_manager_Create_0_4720_gml_Object_obj_event_manager_Create_0] READ var 'index' on object index 0 (obj_switchAsyncHelper) but no instance found (varType=STACKTOP, isArray=false, originalInstanceType=0, hasInstanceType=true, varID=7542)
VM: [gml_Script_anon_gml_Object_obj_event_manager_Create_0_4720_gml_Object_obj_event_manager_Create_0] READ var 'index' on object index 0 (obj_switchAsyncHelper) but no instance found (varType=STACKTOP, isArray=false, originalInstanceType=0, hasInstanceType=true, varID=7542)
VM: [gml_Script_anon_gml_Object_obj_event_manager_Create_0_4720_gml_Object_obj_event_manager_Create_0] READ var 'index' on object index 0 (obj_switchAsyncHelper) but no instance found (varType=STACKTOP, isArray=false, originalInstanceType=0, hasInstanceType=true, varID=7542)
VM: [gml_Script_anon_gml_Object_obj_event_manager_Create_0_4720_gml_Object_obj_event_manager_Create_0] READ var 'index' on object index 0 (obj_switchAsyncHelper) but no instance found (varType=STACKTOP, isArray=false, originalInstanceType=0, hasInstanceType=true, varID=7542)
VM: [gml_Script_anon_gml_Object_obj_event_manager_Create_0_4720_gml_Object_obj_event_manager_Create_0] READ var 'index' on object index 0 (obj_switchAsyncHelper) but no instance found (varType=STACKTOP, isArray=false, originalInstanceType=0, hasInstanceType=true, varID=7542)
VM: [gml_Script_anon_gml_Object_obj_event_manager_Create_0_4720_gml_Object_obj_event_manager_Create_0] READ var 'index' on object index 0 (obj_switchAsyncHelper) but no instance found (varType=STACKTOP, isArray=false, originalInstanceType=0, hasInstanceType=true, varID=7542)
VM: [gml_Script_anon_gml_Object_obj_event_manager_Create_0_4720_gml_Object_obj_event_manager_Create_0] READ var 'index' on object index 0 (obj_switchAsyncHelper) but no instance found (varType=STACKTOP, isArray=false, originalInstanceType=0, hasInstanceType=true, varID=7542)
VM: [gml_Script_anon_gml_Object_obj_event_manager_Create_0_4720_gml_Object_obj_event_manager_Create_0] READ var 'index' on object index 0 (obj_switchAsyncHelper) but no instance found (varType=STACKTOP, isArray=false, originalInstanceType=0, hasInstanceType=true, varID=7542)
VM: [gml_Script_anon_gml_Object_obj_event_manager_Create_0_4720_gml_Object_obj_event_manager_Create_0] READ var 'index' on object index 0 (obj_switchAsyncHelper) but no instance found (varType=STACKTOP, isArray=false, originalInstanceType=0, hasInstanceType=true, varID=7542)
VM: [gml_Script_anon_gml_Object_obj_event_manager_Create_0_4720_gml_Object_obj_event_manager_Create_0] READ var 'index' on object index 0 (obj_switchAsyncHelper) but no instance found (varType=STACKTOP, isArray=false, originalInstanceType=0, hasInstanceType=true, varID=7542)
VM: @@NewGMLObject@@ method has invalid codeIndex -1
VM: [gml_Script_anon_gml_Object_obj_event_manager_Create_0_4720_gml_Object_obj_event_manager_Create_0] READ var 'index' on object index 0 (obj_switchAsyncHelper) but no instance found (varType=STACKTOP, isArray=false, originalInstanceType=0, hasInstanceType=true, varID=7542)
VM: [gml_Script_anon_gml_Object_obj_event_manager_Create_0_4720_gml_Object_obj_event_manager_Create_0] READ var 'index' on object index 0 (obj_switchAsyncHelper) but no instance found (varType=STACKTOP, isArray=false, originalInstanceType=0, hasInstanceType=true, varID=7542)
VM: [gml_Script_anon_gml_Object_obj_event_manager_Create_0_4720_gml_Object_obj_event_manager_Create_0] READ var 'index' on object index 0 (obj_switchAsyncHelper) but no instance found (varType=STACKTOP, isArray=false, originalInstanceType=0, hasInstanceType=true, varID=7542)
VM: [gml_Script_anon_gml_Object_obj_event_manager_Create_0_4720_gml_Object_obj_event_manager_Create_0] READ var 'index' on object index 0 (obj_switchAsyncHelper) but no instance found (varType=STACKTOP, isArray=false, originalInstanceType=0, hasInstanceType=true, varID=7542)
VM: [gml_Script_anon_gml_Object_obj_event_manager_Create_0_4720_gml_Object_obj_event_manager_Create_0] READ var 'index' on object index 0 (obj_switchAsyncHelper) but no instance found (varType=STACKTOP, isArray=false, originalInstanceType=0, hasInstanceType=true, varID=7542)
VM: [gml_Script_anon_gml_Object_obj_event_manager_Create_0_4720_gml_Object_obj_event_manager_Create_0] READ var 'index' on object index 0 (obj_switchAsyncHelper) but no instance found (varType=STACKTOP, isArray=false, originalInstanceType=0, hasInstanceType=true, varID=7542)
VM: [gml_Script_anon_gml_Object_obj_event_manager_Create_0_4720_gml_Object_obj_event_manager_Create_0] READ var 'index' on object index 0 (obj_switchAsyncHelper) but no instance found (varType=STACKTOP, isArray=false, originalInstanceType=0, hasInstanceType=true, varID=7542)
VM: [gml_Script_anon_gml_Object_obj_event_manager_Create_0_4720_gml_Object_obj_event_manager_Create_0] READ var 'index' on object index 0 (obj_switchAsyncHelper) but no instance found (varType=STACKTOP, isArray=false, originalInstanceType=0, hasInstanceType=true, varID=7542)
VM: [gml_Script_anon_gml_Object_obj_event_manager_Create_0_4720_gml_Object_obj_event_manager_Create_0] READ var 'index' on object index 0 (obj_switchAsyncHelper) but no instance found (varType=STACKTOP, isArray=false, originalInstanceType=0, hasInstanceType=true, varID=7542)
VM: [gml_Script_anon_gml_Object_obj_event_manager_Create_0_4720_gml_Object_obj_event_manager_Create_0] READ var 'index' on object index 0 (obj_switchAsyncHelper) but no instance found (varType=STACKTOP, isArray=false, originalInstanceType=0, hasInstanceType=true, varID=7542)
VM: [gml_Script_anon_gml_Object_obj_event_manager_Create_0_4720_gml_Object_obj_event_manager_Create_0] READ var 'index' on object index 0 (obj_switchAsyncHelper) but no instance found (varType=STACKTOP, isArray=false, originalInstanceType=0, hasInstanceType=true, varID=7542)
VM: [gml_Script_anon_gml_Object_obj_event_manager_Create_0_4720_gml_Object_obj_event_manager_Create_0] READ var 'index' on object index 0 (obj_switchAsyncHelper) but no instance found (varType=STACKTOP, isArray=false, originalInstanceType=0, hasInstanceType=true, varID=7542)
VM: [gml_Script_anon_gml_Object_obj_event_manager_Create_0_4720_gml_Object_obj_event_manager_Create_0] READ var 'index' on object index 0 (obj_switchAsyncHelper) but no instance found (varType=STACKTOP, isArray=false, originalInstanceType=0, hasInstanceType=true, varID=7542)
VM: [gml_Script_anon_gml_Object_obj_event_manager_Create_0_4720_gml_Object_obj_event_manager_Create_0] READ var 'index' on object index 0 (obj_switchAsyncHelper) but no instance found (varType=STACKTOP, isArray=false, originalInstanceType=0, hasInstanceType=true, varID=7542)
VM: [gml_Script_anon_gml_Object_obj_event_manager_Create_0_4720_gml_Object_obj_event_manager_Create_0] READ var 'index' on object index 0 (obj_switchAsyncHelper) but no instance found (varType=STACKTOP, isArray=false, originalInstanceType=0, hasInstanceType=true, varID=7542)
VM: [gml_Script_anon_gml_Object_obj_event_manager_Create_0_4720_gml_Object_obj_event_manager_Create_0] READ var 'index' on object index 0 (obj_switchAsyncHelper) but no instance found (varType=STACKTOP, isArray=false, originalInstanceType=0, hasInstanceType=true, varID=7542)
VM: [gml_Script_anon_gml_Object_obj_event_manager_Create_0_4720_gml_Object_obj_event_manager_Create_0] READ var 'index' on object index 0 (obj_switchAsyncHelper) but no instance found (varType=STACKTOP, isArray=false, originalInstanceType=0, hasInstanceType=true, varID=7542)
VM: [gml_Script_anon_gml_Object_obj_event_manager_Create_0_4720_gml_Object_obj_event_manager_Create_0] READ var 'index' on object index 0 (obj_switchAsyncHelper) but no instance found (varType=STACKTOP, isArray=false, originalInstanceType=0, hasInstanceType=true, varID=7542)
VM: [gml_Script_anon_gml_Object_obj_event_manager_Create_0_4720_gml_Object_obj_event_manager_Create_0] READ var 'index' on object index 0 (obj_switchAsyncHelper) but no instance found (varType=STACKTOP, isArray=false, originalInstanceType=0, hasInstanceType=true, varID=7542)
VM: [gml_Script_anon_gml_Object_obj_event_manager_Create_0_4720_gml_Object_obj_event_manager_Create_0] READ var 'index' on object index 0 (obj_switchAsyncHelper) but no instance found (varType=STACKTOP, isArray=false, originalInstanceType=0, hasInstanceType=true, varID=7542)
VM: [gml_Script_anon_gml_Object_obj_event_manager_Create_0_4720_gml_Object_obj_event_manager_Create_0] READ var 'index' on object index 0 (obj_switchAsyncHelper) but no instance found (varType=STACKTOP, isArray=false, originalInstanceType=0, hasInstanceType=true, varID=7542)
VM: @@NewGMLObject@@ method has invalid codeIndex -1
VM: [gml_Script_anon_gml_Object_obj_event_manager_Create_0_4720_gml_Object_obj_event_manager_Create_0] READ var 'index' on object index 0 (obj_switchAsyncHelper) but no instance found (varType=STACKTOP, isArray=false, originalInstanceType=0, hasInstanceType=true, varID=7542)
VM: [gml_Script_anon_gml_Object_obj_event_manager_Create_0_4720_gml_Object_obj_event_manager_Create_0] READ var 'index' on object index 0 (obj_switchAsyncHelper) but no instance found (varType=STACKTOP, isArray=false, originalInstanceType=0, hasInstanceType=true, varID=7542)
VM: [gml_Script_anon_gml_Object_obj_event_manager_Create_0_4720_gml_Object_obj_event_manager_Create_0] READ var 'index' on object index 0 (obj_switchAsyncHelper) but no instance found (varType=STACKTOP, isArray=false, originalInstanceType=0, hasInstanceType=true, varID=7542)
VM: [gml_Script_anon_gml_Object_obj_event_manager_Create_0_4720_gml_Object_obj_event_manager_Create_0] READ var 'index' on object index 0 (obj_switchAsyncHelper) but no instance found (varType=STACKTOP, isArray=false, originalInstanceType=0, hasInstanceType=true, varID=7542)
VM: [gml_Script_anon_gml_Object_obj_event_manager_Create_0_4720_gml_Object_obj_event_manager_Create_0] READ var 'index' on object index 0 (obj_switchAsyncHelper) but no instance found (varType=STACKTOP, isArray=false, originalInstanceType=0, hasInstanceType=true, varID=7542)
VM: [gml_Script_anon_gml_Object_obj_event_manager_Create_0_4720_gml_Object_obj_event_manager_Create_0] READ var 'index' on object index 0 (obj_switchAsyncHelper) but no instance found (varType=STACKTOP, isArray=false, originalInstanceType=0, hasInstanceType=true, varID=7542)
VM: [gml_Script_anon_gml_Object_obj_event_manager_Create_0_4720_gml_Object_obj_event_manager_Create_0] READ var 'index' on object index 0 (obj_switchAsyncHelper) but no instance found (varType=STACKTOP, isArray=false, originalInstanceType=0, hasInstanceType=true, varID=7542)
VM: [gml_Script_anon_gml_Object_obj_event_manager_Create_0_4720_gml_Object_obj_event_manager_Create_0] READ var 'index' on object index 0 (obj_switchAsyncHelper) but no instance found (varType=STACKTOP, isArray=false, originalInstanceType=0, hasInstanceType=true, varID=7542)
VM: [gml_Script_anon_gml_Object_obj_event_manager_Create_0_4720_gml_Object_obj_event_manager_Create_0] READ var 'index' on object index 0 (obj_switchAsyncHelper) but no instance found (varType=STACKTOP, isArray=false, originalInstanceType=0, hasInstanceType=true, varID=7542)
VM: [gml_Script_anon_gml_Object_obj_event_manager_Create_0_4720_gml_Object_obj_event_manager_Create_0] READ var 'index' on object index 0 (obj_switchAsyncHelper) but no instance found (varType=STACKTOP, isArray=false, originalInstanceType=0, hasInstanceType=true, varID=7542)
VM: [gml_Script_anon_gml_Object_obj_event_manager_Create_0_4720_gml_Object_obj_event_manager_Create_0] READ var 'index' on object index 0 (obj_switchAsyncHelper) but no instance found (varType=STACKTOP, isArray=false, originalInstanceType=0, hasInstanceType=true, varID=7542)
VM: [gml_Script_anon_gml_Object_obj_event_manager_Create_0_4720_gml_Object_obj_event_manager_Create_0] READ var 'index' on object index 0 (obj_switchAsyncHelper) but no instance found (varType=STACKTOP, isArray=false, originalInstanceType=0, hasInstanceType=true, varID=7542)
VM: [gml_Script_anon_gml_Object_obj_event_manager_Create_0_4720_gml_Object_obj_event_manager_Create_0] READ var 'index' on object index 0 (obj_switchAsyncHelper) but no instance found (varType=STACKTOP, isArray=false, originalInstanceType=0, hasInstanceType=true, varID=7542)
VM: [gml_Script_anon_gml_Object_obj_event_manager_Create_0_4720_gml_Object_obj_event_manager_Create_0] READ var 'index' on object index 0 (obj_switchAsyncHelper) but no instance found (varType=STACKTOP, isArray=false, originalInstanceType=0, hasInstanceType=true, varID=7542)
VM: [gml_Script_anon_gml_Object_obj_event_manager_Create_0_4720_gml_Object_obj_event_manager_Create_0] READ var 'index' on object index 0 (obj_switchAsyncHelper) but no instance found (varType=STACKTOP, isArray=false, originalInstanceType=0, hasInstanceType=true, varID=7542)
VM: [gml_Script_anon_gml_Object_obj_event_manager_Create_0_4720_gml_Object_obj_event_manager_Create_0] READ var 'index' on object index 0 (obj_switchAsyncHelper) but no instance found (varType=STACKTOP, isArray=false, originalInstanceType=0, hasInstanceType=true, varID=7542)
VM: [gml_Script_anon_gml_Object_obj_event_manager_Create_0_4720_gml_Object_obj_event_manager_Create_0] READ var 'index' on object index 0 (obj_switchAsyncHelper) but no instance found (varType=STACKTOP, isArray=false, originalInstanceType=0, hasInstanceType=true, varID=7542)
VM: [gml_Script_anon_gml_Object_obj_event_manager_Create_0_4720_gml_Object_obj_event_manager_Create_0] READ var 'index' on object index 0 (obj_switchAsyncHelper) but no instance found (varType=STACKTOP, isArray=false, originalInstanceType=0, hasInstanceType=true, varID=7542)
VM: [gml_Script_anon_gml_Object_obj_event_manager_Create_0_4720_gml_Object_obj_event_manager_Create_0] READ var 'index' on object index 0 (obj_switchAsyncHelper) but no instance found (varType=STACKTOP, isArray=false, originalInstanceType=0, hasInstanceType=true, varID=7542)
VM: [gml_Script_anon_gml_Object_obj_event_manager_Create_0_4720_gml_Object_obj_event_manager_Create_0] READ var 'index' on object index 0 (obj_switchAsyncHelper) but no instance found (varType=STACKTOP, isArray=false, originalInstanceType=0, hasInstanceType=true, varID=7542)
VM: [gml_Script_anon_gml_Object_obj_event_manager_Create_0_4720_gml_Object_obj_event_manager_Create_0] READ var 'index' on object index 0 (obj_switchAsyncHelper) but no instance found (varType=STACKTOP, isArray=false, originalInstanceType=0, hasInstanceType=true, varID=7542)
VM: [gml_Script_anon_gml_Object_obj_event_manager_Create_0_4720_gml_Object_obj_event_manager_Create_0] READ var 'index' on object index 0 (obj_switchAsyncHelper) but no instance found (varType=STACKTOP, isArray=false, originalInstanceType=0, hasInstanceType=true, varID=7542)
VM: @@NewGMLObject@@ method has invalid codeIndex -1
VM: [gml_Script_anon_gml_Object_obj_event_manager_Create_0_4720_gml_Object_obj_event_manager_Create_0] READ var 'index' on object index 0 (obj_switchAsyncHelper) but no instance found (varType=STACKTOP, isArray=false, originalInstanceType=0, hasInstanceType=true, varID=7542)
VM: [gml_Script_anon_gml_Object_obj_event_manager_Create_0_4720_gml_Object_obj_event_manager_Create_0] READ var 'index' on object index 0 (obj_switchAsyncHelper) but no instance found (varType=STACKTOP, isArray=false, originalInstanceType=0, hasInstanceType=true, varID=7542)
VM: [gml_Script_anon_gml_Object_obj_event_manager_Create_0_4720_gml_Object_obj_event_manager_Create_0] READ var 'index' on object index 0 (obj_switchAsyncHelper) but no instance found (varType=STACKTOP, isArray=false, originalInstanceType=0, hasInstanceType=true, varID=7542)
VM: [gml_Script_anon_gml_Object_obj_event_manager_Create_0_4720_gml_Object_obj_event_manager_Create_0] READ var 'index' on object index 0 (obj_switchAsyncHelper) but no instance found (varType=STACKTOP, isArray=false, originalInstanceType=0, hasInstanceType=true, varID=7542)
VM: [gml_Script_anon_gml_Object_obj_event_manager_Create_0_4720_gml_Object_obj_event_manager_Create_0] READ var 'index' on object index 0 (obj_switchAsyncHelper) but no instance found (varType=STACKTOP, isArray=false, originalInstanceType=0, hasInstanceType=true, varID=7542)
VM: [gml_Script_anon_gml_Object_obj_event_manager_Create_0_4720_gml_Object_obj_event_manager_Create_0] READ var 'index' on object index 0 (obj_switchAsyncHelper) but no instance found (varType=STACKTOP, isArray=false, originalInstanceType=0, hasInstanceType=true, varID=7542)
VM: [gml_Script_anon_gml_Object_obj_event_manager_Create_0_4720_gml_Object_obj_event_manager_Create_0] READ var 'index' on object index 0 (obj_switchAsyncHelper) but no instance found (varType=STACKTOP, isArray=false, originalInstanceType=0, hasInstanceType=true, varID=7542)
VM: [gml_Script_anon_gml_Object_obj_event_manager_Create_0_4720_gml_Object_obj_event_manager_Create_0] READ var 'index' on object index 0 (obj_switchAsyncHelper) but no instance found (varType=STACKTOP, isArray=false, originalInstanceType=0, hasInstanceType=true, varID=7542)
VM: [gml_Script_anon_gml_Object_obj_event_manager_Create_0_4720_gml_Object_obj_event_manager_Create_0] READ var 'index' on object index 0 (obj_switchAsyncHelper) but no instance found (varType=STACKTOP, isArray=false, originalInstanceType=0, hasInstanceType=true, varID=7542)
VM: [gml_Script_anon_gml_Object_obj_event_manager_Create_0_4720_gml_Object_obj_event_manager_Create_0] READ var 'index' on object index 0 (obj_switchAsyncHelper) but no instance found (varType=STACKTOP, isArray=false, originalInstanceType=0, hasInstanceType=true, varID=7542)
VM: [gml_Script_anon_gml_Object_obj_event_manager_Create_0_4720_gml_Object_obj_event_manager_Create_0] READ var 'index' on object index 0 (obj_switchAsyncHelper) but no instance found (varType=STACKTOP, isArray=false, originalInstanceType=0, hasInstanceType=true, varID=7542)
VM: [gml_Script_anon_gml_Object_obj_event_manager_Create_0_4720_gml_Object_obj_event_manager_Create_0] READ var 'index' on object index 0 (obj_switchAsyncHelper) but no instance found (varType=STACKTOP, isArray=false, originalInstanceType=0, hasInstanceType=true, varID=7542)
VM: [gml_Script_anon_gml_Object_obj_event_manager_Create_0_4720_gml_Object_obj_event_manager_Create_0] READ var 'index' on object index 0 (obj_switchAsyncHelper) but no instance found (varType=STACKTOP, isArray=false, originalInstanceType=0, hasInstanceType=true, varID=7542)
VM: [gml_Script_anon_gml_Object_obj_event_manager_Create_0_4720_gml_Object_obj_event_manager_Create_0] READ var 'index' on object index 0 (obj_switchAsyncHelper) but no instance found (varType=STACKTOP, isArray=false, originalInstanceType=0, hasInstanceType=true, varID=7542)
VM: [gml_Script_anon_gml_Object_obj_event_manager_Create_0_4720_gml_Object_obj_event_manager_Create_0] READ var 'index' on object index 0 (obj_switchAsyncHelper) but no instance found (varType=STACKTOP, isArray=false, originalInstanceType=0, hasInstanceType=true, varID=7542)
VM: [gml_Script_anon_gml_Object_obj_event_manager_Create_0_4720_gml_Object_obj_event_manager_Create_0] READ var 'index' on object index 0 (obj_switchAsyncHelper) but no instance found (varType=STACKTOP, isArray=false, originalInstanceType=0, hasInstanceType=true, varID=7542)
VM: [gml_Script_anon_gml_Object_obj_event_manager_Create_0_4720_gml_Object_obj_event_manager_Create_0] READ var 'index' on object index 0 (obj_switchAsyncHelper) but no instance found (varType=STACKTOP, isArray=false, originalInstanceType=0, hasInstanceType=true, varID=7542)
VM: [gml_Script_anon_gml_Object_obj_event_manager_Create_0_4720_gml_Object_obj_event_manager_Create_0] READ var 'index' on object index 0 (obj_switchAsyncHelper) but no instance found (varType=STACKTOP, isArray=false, originalInstanceType=0, hasInstanceType=true, varID=7542)
VM: [gml_Script_anon_gml_Object_obj_event_manager_Create_0_4720_gml_Object_obj_event_manager_Create_0] READ var 'index' on object index 0 (obj_switchAsyncHelper) but no instance found (varType=STACKTOP, isArray=false, originalInstanceType=0, hasInstanceType=true, varID=7542)
VM: [gml_Script_anon_gml_Object_obj_event_manager_Create_0_4720_gml_Object_obj_event_manager_Create_0] READ var 'index' on object index 0 (obj_switchAsyncHelper) but no instance found (varType=STACKTOP, isArray=false, originalInstanceType=0, hasInstanceType=true, varID=7542)
VM: [gml_Script_anon_gml_Object_obj_event_manager_Create_0_4720_gml_Object_obj_event_manager_Create_0] READ var 'index' on object index 0 (obj_switchAsyncHelper) but no instance found (varType=STACKTOP, isArray=false, originalInstanceType=0, hasInstanceType=true, varID=7542)
VM: [gml_Script_anon_gml_Object_obj_event_manager_Create_0_4720_gml_Object_obj_event_manager_Create_0] READ var 'index' on object index 0 (obj_switchAsyncHelper) but no instance found (varType=STACKTOP, isArray=false, originalInstanceType=0, hasInstanceType=true, varID=7542)
VM: [gml_Script_anon_gml_Object_obj_event_manager_Create_0_4720_gml_Object_obj_event_manager_Create_0] READ var 'index' on object index 0 (obj_switchAsyncHelper) but no instance found (varType=STACKTOP, isArray=false, originalInstanceType=0, hasInstanceType=true, varID=7542)
VM: @@NewGMLObject@@ method has invalid codeIndex -1
VM: [gml_Script_anon_gml_Object_obj_event_manager_Create_0_4720_gml_Object_obj_event_manager_Create_0] READ var 'index' on object index 0 (obj_switchAsyncHelper) but no instance found (varType=STACKTOP, isArray=false, originalInstanceType=0, hasInstanceType=true, varID=7542)
VM: [gml_Script_anon_gml_Object_obj_event_manager_Create_0_4720_gml_Object_obj_event_manager_Create_0] READ var 'index' on object index 0 (obj_switchAsyncHelper) but no instance found (varType=STACKTOP, isArray=false, originalInstanceType=0, hasInstanceType=true, varID=7542)
VM: [gml_Script_anon_gml_Object_obj_event_manager_Create_0_4720_gml_Object_obj_event_manager_Create_0] READ var 'index' on object index 0 (obj_switchAsyncHelper) but no instance found (varType=STACKTOP, isArray=false, originalInstanceType=0, hasInstanceType=true, varID=7542)
VM: [gml_Script_anon_gml_Object_obj_event_manager_Create_0_4720_gml_Object_obj_event_manager_Create_0] READ var 'index' on object index 0 (obj_switchAsyncHelper) but no instance found (varType=STACKTOP, isArray=false, originalInstanceType=0, hasInstanceType=true, varID=7542)
VM: [gml_Script_anon_gml_Object_obj_event_manager_Create_0_4720_gml_Object_obj_event_manager_Create_0] READ var 'index' on object index 0 (obj_switchAsyncHelper) but no instance found (varType=STACKTOP, isArray=false, originalInstanceType=0, hasInstanceType=true, varID=7542)
VM: [gml_Script_anon_gml_Object_obj_event_manager_Create_0_4720_gml_Object_obj_event_manager_Create_0] READ var 'index' on object index 0 (obj_switchAsyncHelper) but no instance found (varType=STACKTOP, isArray=false, originalInstanceType=0, hasInstanceType=true, varID=7542)
VM: [gml_Script_anon_gml_Object_obj_event_manager_Create_0_4720_gml_Object_obj_event_manager_Create_0] READ var 'index' on object index 0 (obj_switchAsyncHelper) but no instance found (varType=STACKTOP, isArray=false, originalInstanceType=0, hasInstanceType=true, varID=7542)
VM: [gml_Script_anon_gml_Object_obj_event_manager_Create_0_4720_gml_Object_obj_event_manager_Create_0] READ var 'index' on object index 0 (obj_switchAsyncHelper) but no instance found (varType=STACKTOP, isArray=false, originalInstanceType=0, hasInstanceType=true, varID=7542)
VM: [gml_Script_anon_gml_Object_obj_event_manager_Create_0_4720_gml_Object_obj_event_manager_Create_0] READ var 'index' on object index 0 (obj_switchAsyncHelper) but no instance found (varType=STACKTOP, isArray=false, originalInstanceType=0, hasInstanceType=true, varID=7542)
VM: [gml_Script_anon_gml_Object_obj_event_manager_Create_0_4720_gml_Object_obj_event_manager_Create_0] READ var 'index' on object index 0 (obj_switchAsyncHelper) but no instance found (varType=STACKTOP, isArray=false, originalInstanceType=0, hasInstanceType=true, varID=7542)
VM: [gml_Script_anon_gml_Object_obj_event_manager_Create_0_4720_gml_Object_obj_event_manager_Create_0] READ var 'index' on object index 0 (obj_switchAsyncHelper) but no instance found (varType=STACKTOP, isArray=false, originalInstanceType=0, hasInstanceType=true, varID=7542)
VM: [gml_Script_anon_gml_Object_obj_event_manager_Create_0_4720_gml_Object_obj_event_manager_Create_0] READ var 'index' on object index 0 (obj_switchAsyncHelper) but no instance found (varType=STACKTOP, isArray=false, originalInstanceType=0, hasInstanceType=true, varID=7542)
VM: [gml_Script_anon_gml_Object_obj_event_manager_Create_0_4720_gml_Object_obj_event_manager_Create_0] READ var 'index' on object index 0 (obj_switchAsyncHelper) but no instance found (varType=STACKTOP, isArray=false, originalInstanceType=0, hasInstanceType=true, varID=7542)
VM: [gml_Script_anon_gml_Object_obj_event_manager_Create_0_4720_gml_Object_obj_event_manager_Create_0] READ var 'index' on object index 0 (obj_switchAsyncHelper) but no instance found (varType=STACKTOP, isArray=false, originalInstanceType=0, hasInstanceType=true, varID=7542)
VM: [gml_Script_anon_gml_Object_obj_event_manager_Create_0_4720_gml_Object_obj_event_manager_Create_0] READ var 'index' on object index 0 (obj_switchAsyncHelper) but no instance found (varType=STACKTOP, isArray=false, originalInstanceType=0, hasInstanceType=true, varID=7542)
VM: [gml_Script_anon_gml_Object_obj_event_manager_Create_0_4720_gml_Object_obj_event_manager_Create_0] READ var 'index' on object index 0 (obj_switchAsyncHelper) but no instance found (varType=STACKTOP, isArray=false, originalInstanceType=0, hasInstanceType=true, varID=7542)
VM: [gml_Script_anon_gml_Object_obj_event_manager_Create_0_4720_gml_Object_obj_event_manager_Create_0] READ var 'index' on object index 0 (obj_switchAsyncHelper) but no instance found (varType=STACKTOP, isArray=false, originalInstanceType=0, hasInstanceType=true, varID=7542)
VM: [gml_Script_anon_gml_Object_obj_event_manager_Create_0_4720_gml_Object_obj_event_manager_Create_0] READ var 'index' on object index 0 (obj_switchAsyncHelper) but no instance found (varType=STACKTOP, isArray=false, originalInstanceType=0, hasInstanceType=true, varID=7542)
VM: [gml_Script_anon_gml_Object_obj_event_manager_Create_0_4720_gml_Object_obj_event_manager_Create_0] READ var 'index' on object index 0 (obj_switchAsyncHelper) but no instance found (varType=STACKTOP, isArray=false, originalInstanceType=0, hasInstanceType=true, varID=7542)
VM: [gml_Script_anon_gml_Object_obj_event_manager_Create_0_4720_gml_Object_obj_event_manager_Create_0] READ var 'index' on object index 0 (obj_switchAsyncHelper) but no instance found (varType=STACKTOP, isArray=false, originalInstanceType=0, hasInstanceType=true, varID=7542)
VM: [gml_Script_anon_gml_Object_obj_event_manager_Create_0_4720_gml_Object_obj_event_manager_Create_0] READ var 'index' on object index 0 (obj_switchAsyncHelper) but no instance found (varType=STACKTOP, isArray=false, originalInstanceType=0, hasInstanceType=true, varID=7542)
VM: [gml_Script_anon_gml_Object_obj_event_manager_Create_0_4720_gml_Object_obj_event_manager_Create_0] READ var 'index' on object index 0 (obj_switchAsyncHelper) but no instance found (varType=STACKTOP, isArray=false, originalInstanceType=0, hasInstanceType=true, varID=7542)
VM: [gml_Script_anon_gml_Object_obj_event_manager_Create_0_4720_gml_Object_obj_event_manager_Create_0] READ var 'index' on object index 0 (obj_switchAsyncHelper) but no instance found (varType=STACKTOP, isArray=false, originalInstanceType=0, hasInstanceType=true, varID=7542)
VM: [gml_Script_anon_gml_Object_obj_event_manager_Create_0_4720_gml_Object_obj_event_manager_Create_0] READ var 'index' on object index 0 (obj_switchAsyncHelper) but no instance found (varType=STACKTOP, isArray=false, originalInstanceType=0, hasInstanceType=true, varID=7542)
VM: @@NewGMLObject@@ method has invalid codeIndex -1
VM: [gml_Script_anon_gml_Object_obj_event_manager_Create_0_4720_gml_Object_obj_event_manager_Create_0] READ var 'index' on object index 0 (obj_switchAsyncHelper) but no instance found (varType=STACKTOP, isArray=false, originalInstanceType=0, hasInstanceType=true, varID=7542)
VM: [gml_Script_anon_gml_Object_obj_event_manager_Create_0_4720_gml_Object_obj_event_manager_Create_0] READ var 'index' on object index 0 (obj_switchAsyncHelper) but no instance found (varType=STACKTOP, isArray=false, originalInstanceType=0, hasInstanceType=true, varID=7542)
VM: [gml_Script_anon_gml_Object_obj_event_manager_Create_0_4720_gml_Object_obj_event_manager_Create_0] READ var 'index' on object index 0 (obj_switchAsyncHelper) but no instance found (varType=STACKTOP, isArray=false, originalInstanceType=0, hasInstanceType=true, varID=7542)
VM: [gml_Script_anon_gml_Object_obj_event_manager_Create_0_4720_gml_Object_obj_event_manager_Create_0] READ var 'index' on object index 0 (obj_switchAsyncHelper) but no instance found (varType=STACKTOP, isArray=false, originalInstanceType=0, hasInstanceType=true, varID=7542)
VM: [gml_Script_anon_gml_Object_obj_event_manager_Create_0_4720_gml_Object_obj_event_manager_Create_0] READ var 'index' on object index 0 (obj_switchAsyncHelper) but no instance found (varType=STACKTOP, isArray=false, originalInstanceType=0, hasInstanceType=true, varID=7542)
VM: [gml_Script_anon_gml_Object_obj_event_manager_Create_0_4720_gml_Object_obj_event_manager_Create_0] READ var 'index' on object index 0 (obj_switchAsyncHelper) but no instance found (varType=STACKTOP, isArray=false, originalInstanceType=0, hasInstanceType=true, varID=7542)
VM: [gml_Script_anon_gml_Object_obj_event_manager_Create_0_4720_gml_Object_obj_event_manager_Create_0] READ var 'index' on object index 0 (obj_switchAsyncHelper) but no instance found (varType=STACKTOP, isArray=false, originalInstanceType=0, hasInstanceType=true, varID=7542)
VM: [gml_Script_anon_gml_Object_obj_event_manager_Create_0_4720_gml_Object_obj_event_manager_Create_0] READ var 'index' on object index 0 (obj_switchAsyncHelper) but no instance found (varType=STACKTOP, isArray=false, originalInstanceType=0, hasInstanceType=true, varID=7542)
VM: [gml_Script_anon_gml_Object_obj_event_manager_Create_0_4720_gml_Object_obj_event_manager_Create_0] READ var 'index' on object index 0 (obj_switchAsyncHelper) but no instance found (varType=STACKTOP, isArray=false, originalInstanceType=0, hasInstanceType=true, varID=7542)
VM: [gml_Script_anon_gml_Object_obj_event_manager_Create_0_4720_gml_Object_obj_event_manager_Create_0] READ var 'index' on object index 0 (obj_switchAsyncHelper) but no instance found (varType=STACKTOP, isArray=false, originalInstanceType=0, hasInstanceType=true, varID=7542)
VM: [gml_Script_anon_gml_Object_obj_event_manager_Create_0_4720_gml_Object_obj_event_manager_Create_0] READ var 'index' on object index 0 (obj_switchAsyncHelper) but no instance found (varType=STACKTOP, isArray=false, originalInstanceType=0, hasInstanceType=true, varID=7542)
VM: [gml_Script_anon_gml_Object_obj_event_manager_Create_0_4720_gml_Object_obj_event_manager_Create_0] READ var 'index' on object index 0 (obj_switchAsyncHelper) but no instance found (varType=STACKTOP, isArray=false, originalInstanceType=0, hasInstanceType=true, varID=7542)
VM: [gml_Script_anon_gml_Object_obj_event_manager_Create_0_4720_gml_Object_obj_event_manager_Create_0] READ var 'index' on object index 0 (obj_switchAsyncHelper) but no instance found (varType=STACKTOP, isArray=false, originalInstanceType=0, hasInstanceType=true, varID=7542)
VM: [gml_Script_anon_gml_Object_obj_event_manager_Create_0_4720_gml_Object_obj_event_manager_Create_0] READ var 'index' on object index 0 (obj_switchAsyncHelper) but no instance found (varType=STACKTOP, isArray=false, originalInstanceType=0, hasInstanceType=true, varID=7542)
VM: [gml_Script_anon_gml_Object_obj_event_manager_Create_0_4720_gml_Object_obj_event_manager_Create_0] READ var 'index' on object index 0 (obj_switchAsyncHelper) but no instance found (varType=STACKTOP, isArray=false, originalInstanceType=0, hasInstanceType=true, varID=7542)
VM: [gml_Script_anon_gml_Object_obj_event_manager_Create_0_4720_gml_Object_obj_event_manager_Create_0] READ var 'index' on object index 0 (obj_switchAsyncHelper) but no instance found (varType=STACKTOP, isArray=false, originalInstanceType=0, hasInstanceType=true, varID=7542)
VM: [gml_Script_anon_gml_Object_obj_event_manager_Create_0_4720_gml_Object_obj_event_manager_Create_0] READ var 'index' on object index 0 (obj_switchAsyncHelper) but no instance found (varType=STACKTOP, isArray=false, originalInstanceType=0, hasInstanceType=true, varID=7542)
VM: [gml_Script_anon_gml_Object_obj_event_manager_Create_0_4720_gml_Object_obj_event_manager_Create_0] READ var 'index' on object index 0 (obj_switchAsyncHelper) but no instance found (varType=STACKTOP, isArray=false, originalInstanceType=0, hasInstanceType=true, varID=7542)
VM: [gml_Script_anon_gml_Object_obj_event_manager_Create_0_4720_gml_Object_obj_event_manager_Create_0] READ var 'index' on object index 0 (obj_switchAsyncHelper) but no instance found (varType=STACKTOP, isArray=false, originalInstanceType=0, hasInstanceType=true, varID=7542)
VM: [gml_Script_anon_gml_Object_obj_event_manager_Create_0_4720_gml_Object_obj_event_manager_Create_0] READ var 'index' on object index 0 (obj_switchAsyncHelper) but no instance found (varType=STACKTOP, isArray=false, originalInstanceType=0, hasInstanceType=true, varID=7542)
VM: [gml_Script_anon_gml_Object_obj_event_manager_Create_0_4720_gml_Object_obj_event_manager_Create_0] READ var 'index' on object index 0 (obj_switchAsyncHelper) but no instance found (varType=STACKTOP, isArray=false, originalInstanceType=0, hasInstanceType=true, varID=7542)
VM: [gml_Script_anon_gml_Object_obj_event_manager_Create_0_4720_gml_Object_obj_event_manager_Create_0] READ var 'index' on object index 0 (obj_switchAsyncHelper) but no instance found (varType=STACKTOP, isArray=false, originalInstanceType=0, hasInstanceType=true, varID=7542)
VM: [gml_Script_anon_gml_Object_obj_event_manager_Create_0_4720_gml_Object_obj_event_manager_Create_0] READ var 'index' on object index 0 (obj_switchAsyncHelper) but no instance found (varType=STACKTOP, isArray=false, originalInstanceType=0, hasInstanceType=true, varID=7542)
VM: [gml_Script_anon_gml_Object_obj_event_manager_Create_0_4720_gml_Object_obj_event_manager_Create_0] READ var 'index' on object index 0 (obj_switchAsyncHelper) but no instance found (varType=STACKTOP, isArray=false, originalInstanceType=0, hasInstanceType=true, varID=7542)
VM: [gml_Script_anon_gml_Object_obj_event_manager_Create_0_4720_gml_Object_obj_event_manager_Create_0] READ var 'index' on object index 0 (obj_switchAsyncHelper) but no instance found (varType=STACKTOP, isArray=false, originalInstanceType=0, hasInstanceType=true, varID=7542)
VM: @@NewGMLObject@@ method has invalid codeIndex -1
VM: [gml_Script_anon_gml_Object_obj_event_manager_Create_0_4720_gml_Object_obj_event_manager_Create_0] READ var 'index' on object index 0 (obj_switchAsyncHelper) but no instance found (varType=STACKTOP, isArray=false, originalInstanceType=0, hasInstanceType=true, varID=7542)
VM: [gml_Script_anon_gml_Object_obj_event_manager_Create_0_4720_gml_Object_obj_event_manager_Create_0] READ var 'index' on object index 0 (obj_switchAsyncHelper) but no instance found (varType=STACKTOP, isArray=false, originalInstanceType=0, hasInstanceType=true, varID=7542)
VM: [gml_Script_anon_gml_Object_obj_event_manager_Create_0_4720_gml_Object_obj_event_manager_Create_0] READ var 'index' on object index 0 (obj_switchAsyncHelper) but no instance found (varType=STACKTOP, isArray=false, originalInstanceType=0, hasInstanceType=true, varID=7542)
VM: [gml_Script_anon_gml_Object_obj_event_manager_Create_0_4720_gml_Object_obj_event_manager_Create_0] READ var 'index' on object index 0 (obj_switchAsyncHelper) but no instance found (varType=STACKTOP, isArray=false, originalInstanceType=0, hasInstanceType=true, varID=7542)
VM: [gml_Script_anon_gml_Object_obj_event_manager_Create_0_4720_gml_Object_obj_event_manager_Create_0] READ var 'index' on object index 0 (obj_switchAsyncHelper) but no instance found (varType=STACKTOP, isArray=false, originalInstanceType=0, hasInstanceType=true, varID=7542)
VM: [gml_Script_anon_gml_Object_obj_event_manager_Create_0_4720_gml_Object_obj_event_manager_Create_0] READ var 'index' on object index 0 (obj_switchAsyncHelper) but no instance found (varType=STACKTOP, isArray=false, originalInstanceType=0, hasInstanceType=true, varID=7542)
VM: [gml_Script_anon_gml_Object_obj_event_manager_Create_0_4720_gml_Object_obj_event_manager_Create_0] READ var 'index' on object index 0 (obj_switchAsyncHelper) but no instance found (varType=STACKTOP, isArray=false, originalInstanceType=0, hasInstanceType=true, varID=7542)
VM: [gml_Script_anon_gml_Object_obj_event_manager_Create_0_4720_gml_Object_obj_event_manager_Create_0] READ var 'index' on object index 0 (obj_switchAsyncHelper) but no instance found (varType=STACKTOP, isArray=false, originalInstanceType=0, hasInstanceType=true, varID=7542)
VM: [gml_Script_anon_gml_Object_obj_event_manager_Create_0_4720_gml_Object_obj_event_manager_Create_0] READ var 'index' on object index 0 (obj_switchAsyncHelper) but no instance found (varType=STACKTOP, isArray=false, originalInstanceType=0, hasInstanceType=true, varID=7542)
VM: [gml_Script_anon_gml_Object_obj_event_manager_Create_0_4720_gml_Object_obj_event_manager_Create_0] READ var 'index' on object index 0 (obj_switchAsyncHelper) but no instance found (varType=STACKTOP, isArray=false, originalInstanceType=0, hasInstanceType=true, varID=7542)
VM: [gml_Script_anon_gml_Object_obj_event_manager_Create_0_4720_gml_Object_obj_event_manager_Create_0] READ var 'index' on object index 0 (obj_switchAsyncHelper) but no instance found (varType=STACKTOP, isArray=false, originalInstanceType=0, hasInstanceType=true, varID=7542)
VM: [gml_Script_anon_gml_Object_obj_event_manager_Create_0_4720_gml_Object_obj_event_manager_Create_0] READ var 'index' on object index 0 (obj_switchAsyncHelper) but no instance found (varType=STACKTOP, isArray=false, originalInstanceType=0, hasInstanceType=true, varID=7542)
VM: [gml_Script_anon_gml_Object_obj_event_manager_Create_0_4720_gml_Object_obj_event_manager_Create_0] READ var 'index' on object index 0 (obj_switchAsyncHelper) but no instance found (varType=STACKTOP, isArray=false, originalInstanceType=0, hasInstanceType=true, varID=7542)
VM: [gml_Script_anon_gml_Object_obj_event_manager_Create_0_4720_gml_Object_obj_event_manager_Create_0] READ var 'index' on object index 0 (obj_switchAsyncHelper) but no instance found (varType=STACKTOP, isArray=false, originalInstanceType=0, hasInstanceType=true, varID=7542)
VM: [gml_Script_anon_gml_Object_obj_event_manager_Create_0_4720_gml_Object_obj_event_manager_Create_0] READ var 'index' on object index 0 (obj_switchAsyncHelper) but no instance found (varType=STACKTOP, isArray=false, originalInstanceType=0, hasInstanceType=true, varID=7542)
VM: [gml_Script_anon_gml_Object_obj_event_manager_Create_0_4720_gml_Object_obj_event_manager_Create_0] READ var 'index' on object index 0 (obj_switchAsyncHelper) but no instance found (varType=STACKTOP, isArray=false, originalInstanceType=0, hasInstanceType=true, varID=7542)
VM: [gml_Script_anon_gml_Object_obj_event_manager_Create_0_4720_gml_Object_obj_event_manager_Create_0] READ var 'index' on object index 0 (obj_switchAsyncHelper) but no instance found (varType=STACKTOP, isArray=false, originalInstanceType=0, hasInstanceType=true, varID=7542)
VM: [gml_Script_anon_gml_Object_obj_event_manager_Create_0_4720_gml_Object_obj_event_manager_Create_0] READ var 'index' on object index 0 (obj_switchAsyncHelper) but no instance found (varType=STACKTOP, isArray=false, originalInstanceType=0, hasInstanceType=true, varID=7542)
VM: [gml_Script_anon_gml_Object_obj_event_manager_Create_0_4720_gml_Object_obj_event_manager_Create_0] READ var 'index' on object index 0 (obj_switchAsyncHelper) but no instance found (varType=STACKTOP, isArray=false, originalInstanceType=0, hasInstanceType=true, varID=7542)
VM: [gml_Script_anon_gml_Object_obj_event_manager_Create_0_4720_gml_Object_obj_event_manager_Create_0] READ var 'index' on object index 0 (obj_switchAsyncHelper) but no instance found (varType=STACKTOP, isArray=false, originalInstanceType=0, hasInstanceType=true, varID=7542)
VM: [gml_Script_anon_gml_Object_obj_event_manager_Create_0_4720_gml_Object_obj_event_manager_Create_0] READ var 'index' on object index 0 (obj_switchAsyncHelper) but no instance found (varType=STACKTOP, isArray=false, originalInstanceType=0, hasInstanceType=true, varID=7542)
VM: [gml_Script_anon_gml_Object_obj_event_manager_Create_0_4720_gml_Object_obj_event_manager_Create_0] READ var 'index' on object index 0 (obj_switchAsyncHelper) but no instance found (varType=STACKTOP, isArray=false, originalInstanceType=0, hasInstanceType=true, varID=7542)
VM: [gml_Script_anon_gml_Object_obj_event_manager_Create_0_4720_gml_Object_obj_event_manager_Create_0] READ var 'index' on object index 0 (obj_switchAsyncHelper) but no instance found (varType=STACKTOP, isArray=false, originalInstanceType=0, hasInstanceType=true, varID=7542)
VM: [gml_Script_anon_gml_Object_obj_event_manager_Create_0_4720_gml_Object_obj_event_manager_Create_0] READ var 'index' on object index 0 (obj_switchAsyncHelper) but no instance found (varType=STACKTOP, isArray=false, originalInstanceType=0, hasInstanceType=true, varID=7542)
VM: [gml_Script_anon_gml_Object_obj_event_manager_Create_0_4720_gml_Object_obj_event_manager_Create_0] READ var 'index' on object index 0 (obj_switchAsyncHelper) but no instance found (varType=STACKTOP, isArray=false, originalInstanceType=0, hasInstanceType=true, varID=7542)
VM: [gml_Script_anon_gml_Object_obj_event_manager_Create_0_4720_gml_Object_obj_event_manager_Create_0] READ var 'index' on object index 0 (obj_switchAsyncHelper) but no instance found (varType=STACKTOP, isArray=false, originalInstanceType=0, hasInstanceType=true, varID=7542)
VM: @@NewGMLObject@@ method has invalid codeIndex -1
VM: [gml_Script_anon_gml_Object_obj_event_manager_Create_0_4720_gml_Object_obj_event_manager_Create_0] READ var 'index' on object index 0 (obj_switchAsyncHelper) but no instance found (varType=STACKTOP, isArray=false, originalInstanceType=0, hasInstanceType=true, varID=7542)
VM: [gml_Script_anon_gml_Object_obj_event_manager_Create_0_4720_gml_Object_obj_event_manager_Create_0] READ var 'index' on object index 0 (obj_switchAsyncHelper) but no instance found (varType=STACKTOP, isArray=false, originalInstanceType=0, hasInstanceType=true, varID=7542)
VM: [gml_Script_anon_gml_Object_obj_event_manager_Create_0_4720_gml_Object_obj_event_manager_Create_0] READ var 'index' on object index 0 (obj_switchAsyncHelper) but no instance found (varType=STACKTOP, isArray=false, originalInstanceType=0, hasInstanceType=true, varID=7542)
VM: [gml_Script_anon_gml_Object_obj_event_manager_Create_0_4720_gml_Object_obj_event_manager_Create_0] READ var 'index' on object index 0 (obj_switchAsyncHelper) but no instance found (varType=STACKTOP, isArray=false, originalInstanceType=0, hasInstanceType=true, varID=7542)
VM: [gml_Script_anon_gml_Object_obj_event_manager_Create_0_4720_gml_Object_obj_event_manager_Create_0] READ var 'index' on object index 0 (obj_switchAsyncHelper) but no instance found (varType=STACKTOP, isArray=false, originalInstanceType=0, hasInstanceType=true, varID=7542)
VM: [gml_Script_anon_gml_Object_obj_event_manager_Create_0_4720_gml_Object_obj_event_manager_Create_0] READ var 'index' on object index 0 (obj_switchAsyncHelper) but no instance found (varType=STACKTOP, isArray=false, originalInstanceType=0, hasInstanceType=true, varID=7542)
VM: [gml_Script_anon_gml_Object_obj_event_manager_Create_0_4720_gml_Object_obj_event_manager_Create_0] READ var 'index' on object index 0 (obj_switchAsyncHelper) but no instance found (varType=STACKTOP, isArray=false, originalInstanceType=0, hasInstanceType=true, varID=7542)
VM: [gml_Script_anon_gml_Object_obj_event_manager_Create_0_4720_gml_Object_obj_event_manager_Create_0] READ var 'index' on object index 0 (obj_switchAsyncHelper) but no instance found (varType=STACKTOP, isArray=false, originalInstanceType=0, hasInstanceType=true, varID=7542)
VM: [gml_Script_anon_gml_Object_obj_event_manager_Create_0_4720_gml_Object_obj_event_manager_Create_0] READ var 'index' on object index 0 (obj_switchAsyncHelper) but no instance found (varType=STACKTOP, isArray=false, originalInstanceType=0, hasInstanceType=true, varID=7542)
VM: [gml_Script_anon_gml_Object_obj_event_manager_Create_0_4720_gml_Object_obj_event_manager_Create_0] READ var 'index' on object index 0 (obj_switchAsyncHelper) but no instance found (varType=STACKTOP, isArray=false, originalInstanceType=0, hasInstanceType=true, varID=7542)
VM: [gml_Script_anon_gml_Object_obj_event_manager_Create_0_4720_gml_Object_obj_event_manager_Create_0] READ var 'index' on object index 0 (obj_switchAsyncHelper) but no instance found (varType=STACKTOP, isArray=false, originalInstanceType=0, hasInstanceType=true, varID=7542)
VM: [gml_Script_anon_gml_Object_obj_event_manager_Create_0_4720_gml_Object_obj_event_manager_Create_0] READ var 'index' on object index 0 (obj_switchAsyncHelper) but no instance found (varType=STACKTOP, isArray=false, originalInstanceType=0, hasInstanceType=true, varID=7542)
VM: [gml_Script_anon_gml_Object_obj_event_manager_Create_0_4720_gml_Object_obj_event_manager_Create_0] READ var 'index' on object index 0 (obj_switchAsyncHelper) but no instance found (varType=STACKTOP, isArray=false, originalInstanceType=0, hasInstanceType=true, varID=7542)
VM: [gml_Script_anon_gml_Object_obj_event_manager_Create_0_4720_gml_Object_obj_event_manager_Create_0] READ var 'index' on object index 0 (obj_switchAsyncHelper) but no instance found (varType=STACKTOP, isArray=false, originalInstanceType=0, hasInstanceType=true, varID=7542)
VM: [gml_Script_anon_gml_Object_obj_event_manager_Create_0_4720_gml_Object_obj_event_manager_Create_0] READ var 'index' on object index 0 (obj_switchAsyncHelper) but no instance found (varType=STACKTOP, isArray=false, originalInstanceType=0, hasInstanceType=true, varID=7542)
VM: [gml_Script_anon_gml_Object_obj_event_manager_Create_0_4720_gml_Object_obj_event_manager_Create_0] READ var 'index' on object index 0 (obj_switchAsyncHelper) but no instance found (varType=STACKTOP, isArray=false, originalInstanceType=0, hasInstanceType=true, varID=7542)
VM: [gml_Script_anon_gml_Object_obj_event_manager_Create_0_4720_gml_Object_obj_event_manager_Create_0] READ var 'index' on object index 0 (obj_switchAsyncHelper) but no instance found (varType=STACKTOP, isArray=false, originalInstanceType=0, hasInstanceType=true, varID=7542)
VM: [gml_Script_anon_gml_Object_obj_event_manager_Create_0_4720_gml_Object_obj_event_manager_Create_0] READ var 'index' on object index 0 (obj_switchAsyncHelper) but no instance found (varType=STACKTOP, isArray=false, originalInstanceType=0, hasInstanceType=true, varID=7542)
VM: [gml_Script_anon_gml_Object_obj_event_manager_Create_0_4720_gml_Object_obj_event_manager_Create_0] READ var 'index' on object index 0 (obj_switchAsyncHelper) but no instance found (varType=STACKTOP, isArray=false, originalInstanceType=0, hasInstanceType=true, varID=7542)
VM: [gml_Script_anon_gml_Object_obj_event_manager_Create_0_4720_gml_Object_obj_event_manager_Create_0] READ var 'index' on object index 0 (obj_switchAsyncHelper) but no instance found (varType=STACKTOP, isArray=false, originalInstanceType=0, hasInstanceType=true, varID=7542)
VM: [gml_Script_anon_gml_Object_obj_event_manager_Create_0_4720_gml_Object_obj_event_manager_Create_0] READ var 'index' on object index 0 (obj_switchAsyncHelper) but no instance found (varType=STACKTOP, isArray=false, originalInstanceType=0, hasInstanceType=true, varID=7542)
VM: [gml_Script_anon_gml_Object_obj_event_manager_Create_0_4720_gml_Object_obj_event_manager_Create_0] READ var 'index' on object index 0 (obj_switchAsyncHelper) but no instance found (varType=STACKTOP, isArray=false, originalInstanceType=0, hasInstanceType=true, varID=7542)
VM: [gml_Script_anon_gml_Object_obj_event_manager_Create_0_4720_gml_Object_obj_event_manager_Create_0] READ var 'index' on object index 0 (obj_switchAsyncHelper) but no instance found (varType=STACKTOP, isArray=false, originalInstanceType=0, hasInstanceType=true, varID=7542)
VM: [gml_Script_anon_gml_Object_obj_event_manager_Create_0_4720_gml_Object_obj_event_manager_Create_0] READ var 'index' on object index 0 (obj_switchAsyncHelper) but no instance found (varType=STACKTOP, isArray=false, originalInstanceType=0, hasInstanceType=true, varID=7542)
VM: [gml_Script_anon_gml_Object_obj_event_manager_Create_0_4720_gml_Object_obj_event_manager_Create_0] READ var 'index' on object index 0 (obj_switchAsyncHelper) but no instance found (varType=STACKTOP, isArray=false, originalInstanceType=0, hasInstanceType=true, varID=7542)
VM: [gml_Script_anon_gml_Object_obj_event_manager_Create_0_4720_gml_Object_obj_event_manager_Create_0] READ var 'index' on object index 0 (obj_switchAsyncHelper) but no instance found (varType=STACKTOP, isArray=false, originalInstanceType=0, hasInstanceType=true, varID=7542)
VM: [gml_Script_anon_gml_Object_obj_event_manager_Create_0_4720_gml_Object_obj_event_manager_Create_0] READ var 'index' on object index 0 (obj_switchAsyncHelper) but no instance found (varType=STACKTOP, isArray=false, originalInstanceType=0, hasInstanceType=true, varID=7542)
VM: @@NewGMLObject@@ method has invalid codeIndex -1
VM: [gml_Script_anon_gml_Object_obj_event_manager_Create_0_4720_gml_Object_obj_event_manager_Create_0] READ var 'index' on object index 0 (obj_switchAsyncHelper) but no instance found (varType=STACKTOP, isArray=false, originalInstanceType=0, hasInstanceType=true, varID=7542)
VM: [gml_Script_anon_gml_Object_obj_event_manager_Create_0_4720_gml_Object_obj_event_manager_Create_0] READ var 'index' on object index 0 (obj_switchAsyncHelper) but no instance found (varType=STACKTOP, isArray=false, originalInstanceType=0, hasInstanceType=true, varID=7542)
VM: [gml_Script_anon_gml_Object_obj_event_manager_Create_0_4720_gml_Object_obj_event_manager_Create_0] READ var 'index' on object index 0 (obj_switchAsyncHelper) but no instance found (varType=STACKTOP, isArray=false, originalInstanceType=0, hasInstanceType=true, varID=7542)
VM: [gml_Script_anon_gml_Object_obj_event_manager_Create_0_4720_gml_Object_obj_event_manager_Create_0] READ var 'index' on object index 0 (obj_switchAsyncHelper) but no instance found (varType=STACKTOP, isArray=false, originalInstanceType=0, hasInstanceType=true, varID=7542)
VM: [gml_Script_anon_gml_Object_obj_event_manager_Create_0_4720_gml_Object_obj_event_manager_Create_0] READ var 'index' on object index 0 (obj_switchAsyncHelper) but no instance found (varType=STACKTOP, isArray=false, originalInstanceType=0, hasInstanceType=true, varID=7542)
VM: [gml_Script_anon_gml_Object_obj_event_manager_Create_0_4720_gml_Object_obj_event_manager_Create_0] READ var 'index' on object index 0 (obj_switchAsyncHelper) but no instance found (varType=STACKTOP, isArray=false, originalInstanceType=0, hasInstanceType=true, varID=7542)
VM: [gml_Script_anon_gml_Object_obj_event_manager_Create_0_4720_gml_Object_obj_event_manager_Create_0] READ var 'index' on object index 0 (obj_switchAsyncHelper) but no instance found (varType=STACKTOP, isArray=false, originalInstanceType=0, hasInstanceType=true, varID=7542)
VM: [gml_Script_anon_gml_Object_obj_event_manager_Create_0_4720_gml_Object_obj_event_manager_Create_0] READ var 'index' on object index 0 (obj_switchAsyncHelper) but no instance found (varType=STACKTOP, isArray=false, originalInstanceType=0, hasInstanceType=true, varID=7542)
VM: [gml_Script_anon_gml_Object_obj_event_manager_Create_0_4720_gml_Object_obj_event_manager_Create_0] READ var 'index' on object index 0 (obj_switchAsyncHelper) but no instance found (varType=STACKTOP, isArray=false, originalInstanceType=0, hasInstanceType=true, varID=7542)
VM: [gml_Script_anon_gml_Object_obj_event_manager_Create_0_4720_gml_Object_obj_event_manager_Create_0] READ var 'index' on object index 0 (obj_switchAsyncHelper) but no instance found (varType=STACKTOP, isArray=false, originalInstanceType=0, hasInstanceType=true, varID=7542)
VM: [gml_Script_anon_gml_Object_obj_event_manager_Create_0_4720_gml_Object_obj_event_manager_Create_0] READ var 'index' on object index 0 (obj_switchAsyncHelper) but no instance found (varType=STACKTOP, isArray=false, originalInstanceType=0, hasInstanceType=true, varID=7542)
VM: [gml_Script_anon_gml_Object_obj_event_manager_Create_0_4720_gml_Object_obj_event_manager_Create_0] READ var 'index' on object index 0 (obj_switchAsyncHelper) but no instance found (varType=STACKTOP, isArray=false, originalInstanceType=0, hasInstanceType=true, varID=7542)
VM: [gml_Script_anon_gml_Object_obj_event_manager_Create_0_4720_gml_Object_obj_event_manager_Create_0] READ var 'index' on object index 0 (obj_switchAsyncHelper) but no instance found (varType=STACKTOP, isArray=false, originalInstanceType=0, hasInstanceType=true, varID=7542)
VM: [gml_Script_anon_gml_Object_obj_event_manager_Create_0_4720_gml_Object_obj_event_manager_Create_0] READ var 'index' on object index 0 (obj_switchAsyncHelper) but no instance found (varType=STACKTOP, isArray=false, originalInstanceType=0, hasInstanceType=true, varID=7542)
VM: [gml_Script_anon_gml_Object_obj_event_manager_Create_0_4720_gml_Object_obj_event_manager_Create_0] READ var 'index' on object index 0 (obj_switchAsyncHelper) but no instance found (varType=STACKTOP, isArray=false, originalInstanceType=0, hasInstanceType=true, varID=7542)
VM: [gml_Script_anon_gml_Object_obj_event_manager_Create_0_4720_gml_Object_obj_event_manager_Create_0] READ var 'index' on object index 0 (obj_switchAsyncHelper) but no instance found (varType=STACKTOP, isArray=false, originalInstanceType=0, hasInstanceType=true, varID=7542)
VM: [gml_Script_anon_gml_Object_obj_event_manager_Create_0_4720_gml_Object_obj_event_manager_Create_0] READ var 'index' on object index 0 (obj_switchAsyncHelper) but no instance found (varType=STACKTOP, isArray=false, originalInstanceType=0, hasInstanceType=true, varID=7542)
VM: [gml_Script_anon_gml_Object_obj_event_manager_Create_0_4720_gml_Object_obj_event_manager_Create_0] READ var 'index' on object index 0 (obj_switchAsyncHelper) but no instance found (varType=STACKTOP, isArray=false, originalInstanceType=0, hasInstanceType=true, varID=7542)
VM: [gml_Script_anon_gml_Object_obj_event_manager_Create_0_4720_gml_Object_obj_event_manager_Create_0] READ var 'index' on object index 0 (obj_switchAsyncHelper) but no instance found (varType=STACKTOP, isArray=false, originalInstanceType=0, hasInstanceType=true, varID=7542)
VM: [gml_Script_anon_gml_Object_obj_event_manager_Create_0_4720_gml_Object_obj_event_manager_Create_0] READ var 'index' on object index 0 (obj_switchAsyncHelper) but no instance found (varType=STACKTOP, isArray=false, originalInstanceType=0, hasInstanceType=true, varID=7542)
VM: [gml_Script_anon_gml_Object_obj_event_manager_Create_0_4720_gml_Object_obj_event_manager_Create_0] READ var 'index' on object index 0 (obj_switchAsyncHelper) but no instance found (varType=STACKTOP, isArray=false, originalInstanceType=0, hasInstanceType=true, varID=7542)
VM: [gml_Script_anon_gml_Object_obj_event_manager_Create_0_4720_gml_Object_obj_event_manager_Create_0] READ var 'index' on object index 0 (obj_switchAsyncHelper) but no instance found (varType=STACKTOP, isArray=false, originalInstanceType=0, hasInstanceType=true, varID=7542)
VM: [gml_Script_anon_gml_Object_obj_event_manager_Create_0_4720_gml_Object_obj_event_manager_Create_0] READ var 'index' on object index 0 (obj_switchAsyncHelper) but no instance found (varType=STACKTOP, isArray=false, originalInstanceType=0, hasInstanceType=true, varID=7542)
VM: [gml_Script_anon_gml_Object_obj_event_manager_Create_0_4720_gml_Object_obj_event_manager_Create_0] READ var 'index' on object index 0 (obj_switchAsyncHelper) but no instance found (varType=STACKTOP, isArray=false, originalInstanceType=0, hasInstanceType=true, varID=7542)
VM: [gml_Script_anon_gml_Object_obj_event_manager_Create_0_4720_gml_Object_obj_event_manager_Create_0] READ var 'index' on object index 0 (obj_switchAsyncHelper) but no instance found (varType=STACKTOP, isArray=false, originalInstanceType=0, hasInstanceType=true, varID=7542)
VM: [gml_Script_anon_gml_Object_obj_event_manager_Create_0_4720_gml_Object_obj_event_manager_Create_0] READ var 'index' on object index 0 (obj_switchAsyncHelper) but no instance found (varType=STACKTOP, isArray=false, originalInstanceType=0, hasInstanceType=true, varID=7542)
VM: [gml_Script_anon_gml_Object_obj_event_manager_Create_0_4720_gml_Object_obj_event_manager_Create_0] READ var 'index' on object index 0 (obj_switchAsyncHelper) but no instance found (varType=STACKTOP, isArray=false, originalInstanceType=0, hasInstanceType=true, varID=7542)
VM: [gml_Script_anon_gml_Object_obj_event_manager_Create_0_4720_gml_Object_obj_event_manager_Create_0] READ var 'index' on object index 0 (obj_switchAsyncHelper) but no instance found (varType=STACKTOP, isArray=false, originalInstanceType=0, hasInstanceType=true, varID=7542)
VM: @@NewGMLObject@@ method has invalid codeIndex -1
VM: [gml_Script_anon_gml_Object_obj_event_manager_Create_0_4720_gml_Object_obj_event_manager_Create_0] READ var 'index' on object index 0 (obj_switchAsyncHelper) but no instance found (varType=STACKTOP, isArray=false, originalInstanceType=0, hasInstanceType=true, varID=7542)
VM: [gml_Script_anon_gml_Object_obj_event_manager_Create_0_4720_gml_Object_obj_event_manager_Create_0] READ var 'index' on object index 0 (obj_switchAsyncHelper) but no instance found (varType=STACKTOP, isArray=false, originalInstanceType=0, hasInstanceType=true, varID=7542)
VM: [gml_Script_anon_gml_Object_obj_event_manager_Create_0_4720_gml_Object_obj_event_manager_Create_0] READ var 'index' on object index 0 (obj_switchAsyncHelper) but no instance found (varType=STACKTOP, isArray=false, originalInstanceType=0, hasInstanceType=true, varID=7542)
VM: [gml_Script_anon_gml_Object_obj_event_manager_Create_0_4720_gml_Object_obj_event_manager_Create_0] READ var 'index' on object index 0 (obj_switchAsyncHelper) but no instance found (varType=STACKTOP, isArray=false, originalInstanceType=0, hasInstanceType=true, varID=7542)
VM: [gml_Script_anon_gml_Object_obj_event_manager_Create_0_4720_gml_Object_obj_event_manager_Create_0] READ var 'index' on object index 0 (obj_switchAsyncHelper) but no instance found (varType=STACKTOP, isArray=false, originalInstanceType=0, hasInstanceType=true, varID=7542)
VM: [gml_Script_anon_gml_Object_obj_event_manager_Create_0_4720_gml_Object_obj_event_manager_Create_0] READ var 'index' on object index 0 (obj_switchAsyncHelper) but no instance found (varType=STACKTOP, isArray=false, originalInstanceType=0, hasInstanceType=true, varID=7542)
VM: [gml_Script_anon_gml_Object_obj_event_manager_Create_0_4720_gml_Object_obj_event_manager_Create_0] READ var 'index' on object index 0 (obj_switchAsyncHelper) but no instance found (varType=STACKTOP, isArray=false, originalInstanceType=0, hasInstanceType=true, varID=7542)
VM: [gml_Script_anon_gml_Object_obj_event_manager_Create_0_4720_gml_Object_obj_event_manager_Create_0] READ var 'index' on object index 0 (obj_switchAsyncHelper) but no instance found (varType=STACKTOP, isArray=false, originalInstanceType=0, hasInstanceType=true, varID=7542)
VM: [gml_Script_anon_gml_Object_obj_event_manager_Create_0_4720_gml_Object_obj_event_manager_Create_0] READ var 'index' on object index 0 (obj_switchAsyncHelper) but no instance found (varType=STACKTOP, isArray=false, originalInstanceType=0, hasInstanceType=true, varID=7542)
VM: [gml_Script_anon_gml_Object_obj_event_manager_Create_0_4720_gml_Object_obj_event_manager_Create_0] READ var 'index' on object index 0 (obj_switchAsyncHelper) but no instance found (varType=STACKTOP, isArray=false, originalInstanceType=0, hasInstanceType=true, varID=7542)
VM: [gml_Script_anon_gml_Object_obj_event_manager_Create_0_4720_gml_Object_obj_event_manager_Create_0] READ var 'index' on object index 0 (obj_switchAsyncHelper) but no instance found (varType=STACKTOP, isArray=false, originalInstanceType=0, hasInstanceType=true, varID=7542)
VM: [gml_Script_anon_gml_Object_obj_event_manager_Create_0_4720_gml_Object_obj_event_manager_Create_0] READ var 'index' on object index 0 (obj_switchAsyncHelper) but no instance found (varType=STACKTOP, isArray=false, originalInstanceType=0, hasInstanceType=true, varID=7542)
VM: [gml_Script_anon_gml_Object_obj_event_manager_Create_0_4720_gml_Object_obj_event_manager_Create_0] READ var 'index' on object index 0 (obj_switchAsyncHelper) but no instance found (varType=STACKTOP, isArray=false, originalInstanceType=0, hasInstanceType=true, varID=7542)
VM: [gml_Script_anon_gml_Object_obj_event_manager_Create_0_4720_gml_Object_obj_event_manager_Create_0] READ var 'index' on object index 0 (obj_switchAsyncHelper) but no instance found (varType=STACKTOP, isArray=false, originalInstanceType=0, hasInstanceType=true, varID=7542)
VM: [gml_Script_anon_gml_Object_obj_event_manager_Create_0_4720_gml_Object_obj_event_manager_Create_0] READ var 'index' on object index 0 (obj_switchAsyncHelper) but no instance found (varType=STACKTOP, isArray=false, originalInstanceType=0, hasInstanceType=true, varID=7542)
VM: [gml_Script_anon_gml_Object_obj_event_manager_Create_0_4720_gml_Object_obj_event_manager_Create_0] READ var 'index' on object index 0 (obj_switchAsyncHelper) but no instance found (varType=STACKTOP, isArray=false, originalInstanceType=0, hasInstanceType=true, varID=7542)
VM: [gml_Script_anon_gml_Object_obj_event_manager_Create_0_4720_gml_Object_obj_event_manager_Create_0] READ var 'index' on object index 0 (obj_switchAsyncHelper) but no instance found (varType=STACKTOP, isArray=false, originalInstanceType=0, hasInstanceType=true, varID=7542)
VM: [gml_Script_anon_gml_Object_obj_event_manager_Create_0_4720_gml_Object_obj_event_manager_Create_0] READ var 'index' on object index 0 (obj_switchAsyncHelper) but no instance found (varType=STACKTOP, isArray=false, originalInstanceType=0, hasInstanceType=true, varID=7542)
VM: [gml_Script_anon_gml_Object_obj_event_manager_Create_0_4720_gml_Object_obj_event_manager_Create_0] READ var 'index' on object index 0 (obj_switchAsyncHelper) but no instance found (varType=STACKTOP, isArray=false, originalInstanceType=0, hasInstanceType=true, varID=7542)
VM: [gml_Script_anon_gml_Object_obj_event_manager_Create_0_4720_gml_Object_obj_event_manager_Create_0] READ var 'index' on object index 0 (obj_switchAsyncHelper) but no instance found (varType=STACKTOP, isArray=false, originalInstanceType=0, hasInstanceType=true, varID=7542)
VM: [gml_Script_anon_gml_Object_obj_event_manager_Create_0_4720_gml_Object_obj_event_manager_Create_0] READ var 'index' on object index 0 (obj_switchAsyncHelper) but no instance found (varType=STACKTOP, isArray=false, originalInstanceType=0, hasInstanceType=true, varID=7542)
VM: [gml_Script_anon_gml_Object_obj_event_manager_Create_0_4720_gml_Object_obj_event_manager_Create_0] READ var 'index' on object index 0 (obj_switchAsyncHelper) but no instance found (varType=STACKTOP, isArray=false, originalInstanceType=0, hasInstanceType=true, varID=7542)
VM: [gml_Script_anon_gml_Object_obj_event_manager_Create_0_4720_gml_Object_obj_event_manager_Create_0] READ var 'index' on object index 0 (obj_switchAsyncHelper) but no instance found (varType=STACKTOP, isArray=false, originalInstanceType=0, hasInstanceType=true, varID=7542)
VM: [gml_Script_anon_gml_Object_obj_event_manager_Create_0_4720_gml_Object_obj_event_manager_Create_0] READ var 'index' on object index 0 (obj_switchAsyncHelper) but no instance found (varType=STACKTOP, isArray=false, originalInstanceType=0, hasInstanceType=true, varID=7542)
VM: [gml_Script_anon_gml_Object_obj_event_manager_Create_0_4720_gml_Object_obj_event_manager_Create_0] READ var 'index' on object index 0 (obj_switchAsyncHelper) but no instance found (varType=STACKTOP, isArray=false, originalInstanceType=0, hasInstanceType=true, varID=7542)
VM: [gml_Script_anon_gml_Object_obj_event_manager_Create_0_4720_gml_Object_obj_event_manager_Create_0] READ var 'index' on object index 0 (obj_switchAsyncHelper) but no instance found (varType=STACKTOP, isArray=false, originalInstanceType=0, hasInstanceType=true, varID=7542)
VM: [gml_Script_anon_gml_Object_obj_event_manager_Create_0_4720_gml_Object_obj_event_manager_Create_0] READ var 'index' on object index 0 (obj_switchAsyncHelper) but no instance found (varType=STACKTOP, isArray=false, originalInstanceType=0, hasInstanceType=true, varID=7542)
VM: [gml_Script_anon_gml_Object_obj_event_manager_Create_0_4720_gml_Object_obj_event_manager_Create_0] READ var 'index' on object index 0 (obj_switchAsyncHelper) but no instance found (varType=STACKTOP, isArray=false, originalInstanceType=0, hasInstanceType=true, varID=7542)
VM: [gml_Script_anon_gml_Object_obj_event_manager_Create_0_4720_gml_Object_obj_event_manager_Create_0] READ var 'index' on object index 0 (obj_switchAsyncHelper) but no instance found (varType=STACKTOP, isArray=false, originalInstanceType=0, hasInstanceType=true, varID=7542)
VM: @@NewGMLObject@@ method has invalid codeIndex -1
Runner load: instance create pass2        phase=    0.00 ms total=    0.00 ms
Runner load: room creation code           phase=    0.00 ms total=    0.00 ms
Runner: Room loaded: ROOM_INITIALIZE (room 0) with 7 instances
Runner load: renderer prewarm             phase=    0.00 ms total=    0.00 ms
Runner load: audio prewarm                phase=    0.00 ms total=    0.00 ms
Runner load: initRoom total               phase=    0.00 ms total=    0.00 ms
Runner load: initRoom(first)              phase=    0.00 ms total=    0.00 ms
Runner load: game start events            phase=    0.00 ms total=    0.00 ms
Runner load: room start events            phase=    0.00 ms total=    0.00 ms
Runner load: Runner_initFirstRoom total   phase=    0.00 ms total=    0.00 ms
Room changed: ROOM_INITIALIZE (room 0) -> PLACE_CONTACT (room 1)
Runner: Initializing room: PLACE_CONTACT (index 1)
Runner load: room payload load            phase=    0.00 ms total=    0.00 ms
Runner load: instance create pass1        phase=    0.00 ms total=    0.00 ms
Runner load: layer/depth setup            phase=    0.00 ms total=    0.00 ms
Runner load: instance create pass2        phase=    0.00 ms total=    0.00 ms
Runner load: room creation code           phase=    0.00 ms total=    0.00 ms
Runner: Room loaded: PLACE_CONTACT (room 1) with 8 instances
Runner load: renderer prewarm             phase=    0.00 ms total=    0.00 ms
Runner load: audio prewarm                phase=    0.00 ms total=    0.00 ms
Runner load: initRoom total               phase=    0.00 ms total=    0.00 ms
VM: Reset complete (11158 global vars cleared)
VM: Reset complete (11158 global vars cleared)
=== DELTARUNE GC crash log ===
VM: Initialized with 11158 global vars, sparse self vars (hashmap), 1985 functions mapped
VM: Reset complete (11158 global vars cleared)
VM: Reset complete (11158 global vars cleared)
Runner: First room index: 0, room count: 147
Runner: Executing global init script: gml_GlobalScript_scr_debug_save_trophies
Runner: Executing global init script: gml_GlobalScript_switch_asyncPause
Runner: Executing global init script: gml_GlobalScript_ossafe_init
Runner: Executing global init script: gml_GlobalScript_scr_debug_load_trophies
Runner: Executing global init script: gml_GlobalScript_scr_chapter_save_file_exists
Runner: Executing global init script: gml_GlobalScript_scr_setparty
Runner: Executing global init script: gml_GlobalScript_scr_test_save_data
Runner: Executing global init script: gml_GlobalScript_scr_get_valid_room
Runner: Executing global init script: gml_GlobalScript_scr_load_audio
Runner: Executing global init script: gml_GlobalScript_onSteamDeck
Runner: Executing global init script: gml_GlobalScript_scr_debug_print
Runner: Executing global init script: gml_GlobalScript_scr_os_checks
Runner: Executing global init script: gml_GlobalScript_scr_getbuttonsprite
Runner: Executing global init script: gml_GlobalScript_scr_ini_chapter
Runner: Executing global init script: gml_GlobalScript_show_debug_message_concat
Runner: Executing global init script: gml_GlobalScript_scr_init_launch_parameters
Runner: Executing global init script: gml_GlobalScript_macros
Runner: Executing global init script: gml_GlobalScript_scr_become_dark
Runner: Executing global init script: gml_GlobalScript_scr_become_light
Runner: Executing global init script: gml_GlobalScript_scr_npcdir
Runner: Executing global init script: gml_GlobalScript_scr_interact
Runner: Executing global init script: gml_GlobalScript_scr_phonename
Runner: Executing global init script: gml_GlobalScript_scr_writetext
Runner: Executing global init script: gml_GlobalScript_scr_litemuseb
Runner: Executing global init script: gml_GlobalScript_scr_litemremove
Runner: Executing global init script: gml_GlobalScript_scr_litemget
Runner: Executing global init script: gml_GlobalScript_scr_litemshift
Runner: Executing global init script: gml_GlobalScript_scr_litemdesc
Runner: Executing global init script: gml_GlobalScript_scr_lrecover
Runner: Executing global init script: gml_GlobalScript_scr_lrecoitem
Runner: Executing global init script: gml_GlobalScript_scr_litemname
Runner: Executing global init script: gml_GlobalScript_scr_lweaponeq
Runner: Executing global init script: gml_GlobalScript_scr_litemcheck
Runner: Executing global init script: gml_GlobalScript_scr_phoneadd
Runner: Executing global init script: gml_GlobalScript_scr_darkbox
Runner: Executing global init script: gml_GlobalScript_scr_darkbox_black
Runner: Executing global init script: gml_GlobalScript_scr_asterskip
Runner: Executing global init script: gml_GlobalScript_scr_dbox
Runner: Executing global init script: gml_GlobalScript_scr_get_room_by_id
Runner: Executing global init script: gml_GlobalScript_scr_facechoice
Runner: Executing global init script: gml_GlobalScript_scr_nextmsg
Runner: Executing global init script: gml_GlobalScript_scr_text
Runner: Executing global init script: gml_GlobalScript_scr_textsetup
Runner: Executing global init script: gml_GlobalScript_scr_textsound
Runner: Executing global init script: gml_GlobalScript_scr_texttype
Runner: Executing global init script: gml_GlobalScript_d_make
Runner: Executing global init script: gml_GlobalScript_scr_getmsgno
Runner: Executing global init script: gml_GlobalScript_draw_text_shadow
Runner: Executing global init script: gml_GlobalScript_scr_windowcaption
Runner: Executing global init script: gml_GlobalScript_snd_pitch
Runner: Executing global init script: gml_GlobalScript_snd_volume
Runner: Executing global init script: gml_GlobalScript_mus_volume
Runner: Executing global init script: gml_GlobalScript_snd_is_playing
Runner: Executing global init script: gml_GlobalScript_snd_stop_all
Runner: Executing global init script: gml_GlobalScript_snd_init
Runner: Executing global init script: gml_GlobalScript_snd_free_all
Runner: Executing global init script: gml_GlobalScript_snd_free
Runner: Executing global init script: gml_GlobalScript_snd_pause
Runner: Executing global init script: gml_GlobalScript_snd_resume
Runner: Executing global init script: gml_GlobalScript_mus_loop_ext
Runner: Executing global init script: gml_GlobalScript_mus_play
Runner: Executing global init script: gml_GlobalScript_mus_loop
Runner: Executing global init script: gml_GlobalScript_snd_play
Runner: Executing global init script: gml_GlobalScript_snd_stop
Runner: Executing global init script: gml_GlobalScript_snd_loop
Runner: Executing global init script: gml_GlobalScript_scr_healitemspell
Runner: Executing global init script: gml_GlobalScript_scr_healallitemspell
Runner: Executing global init script: gml_GlobalScript_scr_wincombat
Runner: Executing global init script: gml_GlobalScript_scr_blconskip
Runner: Executing global init script: gml_GlobalScript_scr_enemyblcon
Runner: Executing global init script: gml_GlobalScript_scr_randomtarget
Runner: Executing global init script: gml_GlobalScript_scr_targetall
Runner: Executing global init script: gml_GlobalScript_scr_destroyoutside
Runner: Executing global init script: gml_GlobalScript_scr_ambush
Runner: Executing global init script: gml_GlobalScript_scr_battletext
Runner: Executing global init script: gml_GlobalScript_scr_battletext_default
Runner: Executing global init script: gml_GlobalScript_scr_bullet_inherit
Runner: Executing global init script: gml_GlobalScript_scr_dmgwriter_selfchar
Runner: Executing global init script: gml_GlobalScript_scr_damage
Runner: Executing global init script: gml_GlobalScript_scr_damage_all
Runner: Executing global init script: gml_GlobalScript_scr_damage_all_overworld
Runner: Executing global init script: gml_GlobalScript_scr_dead
Runner: Executing global init script: gml_GlobalScript_scr_gameover
Runner: Executing global init script: gml_GlobalScript_scr_mercyadd
Runner: Executing global init script: gml_GlobalScript_scr_heal
Runner: Executing global init script: gml_GlobalScript_scr_healall
Runner: Executing global init script: gml_GlobalScript_scr_itemcheck
Runner: Executing global init script: gml_GlobalScript_scr_keyitemcheck
Runner: Executing global init script: gml_GlobalScript_scr_weaponcheck_inventory
Runner: Executing global init script: gml_GlobalScript_scr_armorcheck_inventory
Runner: Executing global init script: gml_GlobalScript_scr_itemdesc_oldtype
Runner: Executing global init script: gml_GlobalScript_scr_itemget
Runner: Executing global init script: gml_GlobalScript_scr_keyitemget
Runner: Executing global init script: gml_GlobalScript_scr_keyitemremove
Runner: Executing global init script: gml_GlobalScript_scr_keyitemshift
Runner: Executing global init script: gml_GlobalScript_scr_iteminfo_all
Runner: Executing global init script: gml_GlobalScript_scr_iteminfo_temp
Runner: Executing global init script: gml_GlobalScript_scr_itemname
Runner: Executing global init script: gml_GlobalScript_scr_itemremove
Runner: Executing global init script: gml_GlobalScript_scr_itemshift
Runner: Executing global init script: gml_GlobalScript_scr_itemshift_temp
Runner: Executing global init script: gml_GlobalScript_scr_revive
Runner: Executing global init script: gml_GlobalScript_scr_battlecursor_memory_reset
Runner: Executing global init script: gml_GlobalScript_scr_selectionmatrix
Runner: Executing global init script: gml_GlobalScript_scr_caterpillar_interpolate
Runner: Executing global init script: gml_GlobalScript_scr_unmarkify_caterpillar
Runner: Executing global init script: gml_GlobalScript_scr_markify_caterpillar
Runner: Executing global init script: gml_GlobalScript_scr_caterpillar_facing
Runner: Executing global init script: gml_GlobalScript_scr_getchar
Runner: Executing global init script: gml_GlobalScript_scr_losechar
Runner: Executing global init script: gml_GlobalScript_scr_armorget
Runner: Executing global init script: gml_GlobalScript_scr_armorinfo_all
Runner: Executing global init script: gml_GlobalScript_scr_armorinfo_mine
Runner: Executing global init script: gml_GlobalScript_scr_charbox
Runner: Executing global init script: gml_GlobalScript_scr_charbox_x
Runner: Executing global init script: gml_GlobalScript_scr_healitem
Runner: Executing global init script: gml_GlobalScript_scr_healitem_all
Runner: Executing global init script: gml_GlobalScript_scr_itemcomment
Runner: Executing global init script: gml_GlobalScript_scr_spell_overworld
Runner: Executing global init script: gml_GlobalScript_scr_spellinfo_all
Runner: Executing global init script: gml_GlobalScript_scr_talkroom
Runner: Executing global init script: gml_GlobalScript_scr_weaponget
Runner: Executing global init script: gml_GlobalScript_scr_weaponinfo_all
Runner: Executing global init script: gml_GlobalScript_scr_weaponinfo_mine
Runner: Executing global init script: gml_GlobalScript_scr_dmenu_armor_selection_match
Runner: Executing global init script: gml_GlobalScript_draw_item_icon
Runner: Executing global init script: gml_GlobalScript_scr_actinfo
Runner: Executing global init script: gml_GlobalScript_scr_attackphase
Runner: Executing global init script: gml_GlobalScript_scr_boltcheck
Runner: Executing global init script: gml_GlobalScript_scr_boltcheck_onebutton
Runner: Executing global init script: gml_GlobalScript_scr_charcan
Runner: Executing global init script: gml_GlobalScript_scr_damage_enemy
Runner: Executing global init script: gml_GlobalScript_scr_endcombat
Runner: Executing global init script: gml_GlobalScript_scr_endturn
Runner: Executing global init script: gml_GlobalScript_scr_itemconsumeb
Runner: Executing global init script: gml_GlobalScript_scr_mnendturn
Runner: Executing global init script: gml_GlobalScript_scr_monsterdefeat
Runner: Executing global init script: gml_GlobalScript_scr_monsterpop
Runner: Executing global init script: gml_GlobalScript_scr_moveheart
Runner: Executing global init script: gml_GlobalScript_scr_nexthero
Runner: Executing global init script: gml_GlobalScript_scr_prevhero
Runner: Executing global init script: gml_GlobalScript_scr_retarget
Runner: Executing global init script: gml_GlobalScript_scr_retarget_spell
Runner: Executing global init script: gml_GlobalScript_scr_spellconsumeb
Runner: Executing global init script: gml_GlobalScript_scr_tensionheal
Runner: Executing global init script: gml_GlobalScript_scr_monstersetup
Runner: Executing global init script: gml_GlobalScript_scr_encountersetup
Runner: Executing global init script: gml_GlobalScript_scr_spellinfo
Runner: Executing global init script: gml_GlobalScript_scr_spell
Runner: Executing global init script: gml_GlobalScript_scr_spelltext
Runner: Executing global init script: gml_GlobalScript_scr_keyiteminfo_all
Runner: Executing global init script: gml_GlobalScript_scr_keyiteminfo
Runner: Executing global init script: gml_GlobalScript_scr_iteminfo
Runner: Executing global init script: gml_GlobalScript_scr_itemdesc
Runner: Executing global init script: gml_GlobalScript_scr_itemdesc_b
Runner: Executing global init script: gml_GlobalScript_scr_itemnamelist
Runner: Executing global init script: gml_GlobalScript_scr_itemuse
Runner: Executing global init script: gml_GlobalScript_scr_weaponinfo
Runner: Executing global init script: gml_GlobalScript_scr_armorinfo
Runner: Executing global init script: gml_GlobalScript_scr_minishakeobj
Runner: Executing global init script: gml_GlobalScript_ossafe_savedata_load_old_check
Runner: Executing global init script: gml_GlobalScript_scr_anim
Runner: Executing global init script: gml_GlobalScript_scr_shakeobj
Runner: Executing global init script: gml_GlobalScript_scr_defeatrun
Runner: Executing global init script: gml_GlobalScript_scr_oflash
Runner: Executing global init script: gml_GlobalScript_scr_spareanim
Runner: Executing global init script: gml_GlobalScript_scr_afterimage
Runner: Executing global init script: gml_GlobalScript_scr_susface
Runner: Executing global init script: gml_GlobalScript_scr_ralface
Runner: Executing global init script: gml_GlobalScript_scr_noeface
Runner: Executing global init script: gml_GlobalScript_scr_rudface
Runner: Executing global init script: gml_GlobalScript_scr_torface
Runner: Executing global init script: gml_GlobalScript_scr_asgface
Runner: Executing global init script: gml_GlobalScript_scr_lanface
Runner: Executing global init script: gml_GlobalScript_scr_kingface
Runner: Executing global init script: gml_GlobalScript_scr_noface
Runner: Executing global init script: gml_GlobalScript_scr_rurusface
Runner: Executing global init script: gml_GlobalScript_button1_p
Runner: Executing global init script: gml_GlobalScript_button2_p
Runner: Executing global init script: gml_GlobalScript_button2_h
Runner: Executing global init script: gml_GlobalScript_button3_p
Runner: Executing global init script: gml_GlobalScript_button3_h
Runner: Executing global init script: gml_GlobalScript_down_p
Runner: Executing global init script: gml_GlobalScript_down_h
Runner: Executing global init script: gml_GlobalScript_left_p
Runner: Executing global init script: gml_GlobalScript_left_h
Runner: Executing global init script: gml_GlobalScript_right_p
Runner: Executing global init script: gml_GlobalScript_right_h
Runner: Executing global init script: gml_GlobalScript_up_p
Runner: Executing global init script: gml_GlobalScript_up_h
Runner: Executing global init script: gml_GlobalScript_scr_gamepad_axis_check
Runner: Executing global init script: gml_GlobalScript_scr_controls_default
Runner: Executing global init script: gml_GlobalScript_scr_get_input_name
Runner: Executing global init script: gml_GlobalScript_scr_ascii_input_names
Runner: Executing global init script: gml_GlobalScript_scr_gamestart
Runner: Executing global init script: gml_GlobalScript_scr_shopmorearrow
Runner: Executing global init script: gml_GlobalScript_scr_shopmenu
Runner: Executing global init script: gml_GlobalScript_scr_outside_camera
Runner: Executing global init script: gml_GlobalScript_scr_havechar
Runner: Executing global init script: gml_GlobalScript_scr_makecaterpillar
Runner: Executing global init script: gml_GlobalScript_scr_closemenu
Runner: Executing global init script: gml_GlobalScript_scr_move_to_point_over_time
Runner: Executing global init script: gml_GlobalScript_game_restart_true
Runner: Executing global init script: gml_GlobalScript_scr_load
Runner: Executing global init script: gml_GlobalScript_scr_tempload
Runner: Executing global init script: gml_GlobalScript_scr_tempsave
Runner: Executing global init script: gml_GlobalScript_scr_saveprocess_ut
Runner: Executing global init script: gml_GlobalScript_scr_save
Runner: Executing global init script: gml_GlobalScript_scr_saveprocess
Runner: Executing global init script: gml_GlobalScript_scr_roomname
Runner: Executing global init script: gml_GlobalScript_d_ex
Runner: Executing global init script: gml_GlobalScript_scr_halt
Runner: Executing global init script: gml_GlobalScript_scr_debug
Runner: Executing global init script: gml_GlobalScript_scr_pan_to_obj
Runner: Executing global init script: gml_GlobalScript_scr_pan
Runner: Executing global init script: gml_GlobalScript_scr_marker
Runner: Executing global init script: gml_GlobalScript_scr_dark_marker
Runner: Executing global init script: gml_GlobalScript_scr_depth
Runner: Executing global init script: gml_GlobalScript_scr_dogcheck
Runner: Executing global init script: gml_GlobalScript_UNUSED
Runner: Executing global init script: gml_GlobalScript_draw_background_ext
Runner: Executing global init script: gml_GlobalScript_draw_background_part_ext
Runner: Executing global init script: gml_GlobalScript_draw_background_tiled_ext
Runner: Executing global init script: gml_GlobalScript_ossafe_shapes
Runner: Executing global init script: gml_GlobalScript___background_get_colour
Runner: Executing global init script: gml_GlobalScript___background_get_colour_element
Runner: Executing global init script: gml_GlobalScript___background_set
Runner: Executing global init script: gml_GlobalScript___background_set_colour
Runner: Executing global init script: gml_GlobalScript___background_set_element
Runner: Executing global init script: gml_GlobalScript_scr_prefetch_textures
Runner: Executing global init script: gml_GlobalScript___background_set_internal
Runner: Executing global init script: gml_GlobalScript___init_background
Runner: Executing global init script: gml_GlobalScript___background_get_element
Runner: Executing global init script: gml_GlobalScript___background_get_internal
Runner: Executing global init script: gml_GlobalScript_background_get_width
Runner: Executing global init script: gml_GlobalScript_background_get_height
Runner: Executing global init script: gml_GlobalScript_draw_background
Runner: Executing global init script: gml_GlobalScript_d3d_set_fog
Runner: Executing global init script: gml_GlobalScript___init_d3d
Runner: Executing global init script: gml_GlobalScript_draw_set_blend_mode
Runner: Executing global init script: gml_GlobalScript_instance_create
Runner: Executing global init script: gml_GlobalScript_object_get_depth
Runner: Executing global init script: gml_GlobalScript_tile_get_ids_at_depth
Runner: Executing global init script: gml_GlobalScript_tile_layer_hide
Runner: Executing global init script: gml_GlobalScript_tile_layer_shift
Runner: Executing global init script: gml_GlobalScript_tile_set_alpha
Runner: Executing global init script: gml_GlobalScript___view_get
Runner: Executing global init script: gml_GlobalScript___view_set
Runner: Executing global init script: gml_GlobalScript___view_set_internal
Runner: Executing global init script: gml_GlobalScript___init_view
Runner: Executing global init script: gml_GlobalScript___init_global
Runner: Executing global init script: gml_GlobalScript___global_object_depths
Runner: Executing global init script: gml_GlobalScript_scr_84_set_draw_font
Runner: Executing global init script: gml_GlobalScript_scr_84_add_menu_item
Runner: Executing global init script: gml_GlobalScript_scr_84_debug
Runner: Executing global init script: gml_GlobalScript_scr_84_draw_menu
Runner: Executing global init script: gml_GlobalScript_scr_84_get_font
Runner: Executing global init script: gml_GlobalScript_scr_84_get_lang_string
Runner: Executing global init script: gml_GlobalScript_scr_84_get_subst_string
Runner: Executing global init script: gml_GlobalScript_scr_84_init_localization
Runner: Executing global init script: gml_GlobalScript_scr_84_load_map_json
Runner: Executing global init script: gml_GlobalScript_scr_84_pop
Runner: Executing global init script: gml_GlobalScript_scr_84_push
Runner: Executing global init script: gml_GlobalScript_scr_84_lang_load
Runner: Executing global init script: gml_GlobalScript_scr_84_name_input_setup
Runner: Executing global init script: gml_GlobalScript_scr_84_draw_text_outline
Runner: Executing global init script: gml_GlobalScript_scr_84_get_sprite
Runner: Executing global init script: gml_GlobalScript_string_to_hiragana
Runner: Executing global init script: gml_GlobalScript_scr_84_get_sound
Runner: Executing global init script: gml_GlobalScript_scr_84_is_digit
Runner: Executing global init script: gml_GlobalScript_scr_84_load_ini
Runner: Executing global init script: gml_GlobalScript_string_to_ascii_from_full_width
Runner: Executing global init script: gml_GlobalScript_scr_change_language
Runner: Executing global init script: gml_GlobalScript_ossafe_file_delete
Runner: Executing global init script: gml_GlobalScript_ossafe_file_exists
Runner: Executing global init script: gml_GlobalScript_ossafe_file_text_close
Runner: Executing global init script: gml_GlobalScript_ossafe_file_text_eof
Runner: Executing global init script: gml_GlobalScript_ossafe_file_text_open_read
Runner: Executing global init script: gml_GlobalScript_ossafe_file_text_open_write
Runner: Executing global init script: gml_GlobalScript_ossafe_file_text_read_real
Runner: Executing global init script: gml_GlobalScript_ossafe_file_text_read_string
Runner: Executing global init script: gml_GlobalScript_ossafe_file_text_readln
Runner: Executing global init script: gml_GlobalScript_ossafe_file_text_write_real
Runner: Executing global init script: gml_GlobalScript_ossafe_file_text_write_string
Runner: Executing global init script: gml_GlobalScript_ossafe_file_text_writeln
Runner: Executing global init script: gml_GlobalScript_ossafe_fill_rectangle
Runner: Executing global init script: gml_GlobalScript_ossafe_game_end
Runner: Executing global init script: gml_GlobalScript_ossafe_ini_close
Runner: Executing global init script: gml_GlobalScript_ossafe_ini_open
Runner: Executing global init script: gml_GlobalScript_ossafe_savedata_save
Runner: Executing global init script: gml_GlobalScript_ossafe_savedata_load
Runner: Executing global init script: gml_GlobalScript_strlen
Runner: Executing global init script: gml_GlobalScript_substr
Runner: Executing global init script: gml_GlobalScript_texture_set_interpolation
Runner: Executing global init script: gml_GlobalScript_scr_draw_screen_border
Runner: Executing global init script: gml_GlobalScript_scr_enable_screen_border
Runner: Executing global init script: gml_GlobalScript_scr_draw_background_ps4
Runner: Executing global init script: gml_GlobalScript_draw_background_stretched
Runner: Executing global init script: gml_GlobalScript_draw_enable_alphablend
Runner: Executing global init script: gml_GlobalScript_scr_ds_list_write
Runner: Executing global init script: gml_GlobalScript_scr_ds_list_read
Runner: Executing global init script: gml_GlobalScript_scr_chapterswitch
Runner: Executing global init script: gml_GlobalScript_dsmapToStruct
Runner: Executing global init script: gml_GlobalScript_scr_timedisp
Runner: Executing global init script: gml_GlobalScript_scr_damage_cache
Runner: Executing global init script: gml_GlobalScript_0
Runner: Executing global init script: gml_GlobalScript_1
Runner: Executing global init script: gml_GlobalScript_2
Runner load: global init scripts          phase=    0.00 ms total=    0.00 ms
Runner: Initializing room: ROOM_INITIALIZE (index 0)
Runner load: room payload load            phase=    0.00 ms total=    0.00 ms
Runner load: instance create pass1        phase=    0.00 ms total=    0.00 ms
Runner load: layer/depth setup            phase=    0.00 ms total=    0.00 ms
VM: @@NewGMLObject@@ method has invalid codeIndex -1
VM: [gml_Script_anon_gml_Object_obj_event_manager_Create_0_4720_gml_Object_obj_event_manager_Create_0] READ var 'index' on object index 0 (obj_switchAsyncHelper) but no instance found (varType=STACKTOP, isArray=false, originalInstanceType=0, hasInstanceType=true, varID=7542)
VM: @@NewGMLObject@@ method has invalid codeIndex -1
VM: [gml_Script_anon_gml_Object_obj_event_manager_Create_0_4720_gml_Object_obj_event_manager_Create_0] READ var 'index' on object index 0 (obj_switchAsyncHelper) but no instance found (varType=STACKTOP, isArray=false, originalInstanceType=0, hasInstanceType=true, varID=7542)
VM: [gml_Script_anon_gml_Object_obj_event_manager_Create_0_4720_gml_Object_obj_event_manager_Create_0] READ var 'index' on object index 0 (obj_switchAsyncHelper) but no instance found (varType=STACKTOP, isArray=false, originalInstanceType=0, hasInstanceType=true, varID=7542)
VM: @@NewGMLObject@@ method has invalid codeIndex -1
VM: [gml_Script_anon_gml_Object_obj_event_manager_Create_0_4720_gml_Object_obj_event_manager_Create_0] READ var 'index' on object index 0 (obj_switchAsyncHelper) but no instance found (varType=STACKTOP, isArray=false, originalInstanceType=0, hasInstanceType=true, varID=7542)
VM: [gml_Script_anon_gml_Object_obj_event_manager_Create_0_4720_gml_Object_obj_event_manager_Create_0] READ var 'index' on object index 0 (obj_switchAsyncHelper) but no instance found (varType=STACKTOP, isArray=false, originalInstanceType=0, hasInstanceType=true, varID=7542)
VM: [gml_Script_anon_gml_Object_obj_event_manager_Create_0_4720_gml_Object_obj_event_manager_Create_0] READ var 'index' on object index 0 (obj_switchAsyncHelper) but no instance found (varType=STACKTOP, isArray=false, originalInstanceType=0, hasInstanceType=true, varID=7542)
VM: @@NewGMLObject@@ method has invalid codeIndex -1
VM: [gml_Script_anon_gml_Object_obj_event_manager_Create_0_4720_gml_Object_obj_event_manager_Create_0] READ var 'index' on object index 0 (obj_switchAsyncHelper) but no instance found (varType=STACKTOP, isArray=false, originalInstanceType=0, hasInstanceType=true, varID=7542)
VM: [gml_Script_anon_gml_Object_obj_event_manager_Create_0_4720_gml_Object_obj_event_manager_Create_0] READ var 'index' on object index 0 (obj_switchAsyncHelper) but no instance found (varType=STACKTOP, isArray=false, originalInstanceType=0, hasInstanceType=true, varID=7542)
VM: [gml_Script_anon_gml_Object_obj_event_manager_Create_0_4720_gml_Object_obj_event_manager_Create_0] READ var 'index' on object index 0 (obj_switchAsyncHelper) but no instance found (varType=STACKTOP, isArray=false, originalInstanceType=0, hasInstanceType=true, varID=7542)
VM: [gml_Script_anon_gml_Object_obj_event_manager_Create_0_4720_gml_Object_obj_event_manager_Create_0] READ var 'index' on object index 0 (obj_switchAsyncHelper) but no instance found (varType=STACKTOP, isArray=false, originalInstanceType=0, hasInstanceType=true, varID=7542)
VM: @@NewGMLObject@@ method has invalid codeIndex -1
VM: [gml_Script_anon_gml_Object_obj_event_manager_Create_0_4720_gml_Object_obj_event_manager_Create_0] READ var 'index' on object index 0 (obj_switchAsyncHelper) but no instance found (varType=STACKTOP, isArray=false, originalInstanceType=0, hasInstanceType=true, varID=7542)
VM: [gml_Script_anon_gml_Object_obj_event_manager_Create_0_4720_gml_Object_obj_event_manager_Create_0] READ var 'index' on object index 0 (obj_switchAsyncHelper) but no instance found (varType=STACKTOP, isArray=false, originalInstanceType=0, hasInstanceType=true, varID=7542)
VM: [gml_Script_anon_gml_Object_obj_event_manager_Create_0_4720_gml_Object_obj_event_manager_Create_0] READ var 'index' on object index 0 (obj_switchAsyncHelper) but no instance found (varType=STACKTOP, isArray=false, originalInstanceType=0, hasInstanceType=true, varID=7542)
VM: [gml_Script_anon_gml_Object_obj_event_manager_Create_0_4720_gml_Object_obj_event_manager_Create_0] READ var 'index' on object index 0 (obj_switchAsyncHelper) but no instance found (varType=STACKTOP, isArray=false, originalInstanceType=0, hasInstanceType=true, varID=7542)
VM: [gml_Script_anon_gml_Object_obj_event_manager_Create_0_4720_gml_Object_obj_event_manager_Create_0] READ var 'index' on object index 0 (obj_switchAsyncHelper) but no instance found (varType=STACKTOP, isArray=false, originalInstanceType=0, hasInstanceType=true, varID=7542)
VM: @@NewGMLObject@@ method has invalid codeIndex -1
VM: [gml_Script_anon_gml_Object_obj_event_manager_Create_0_4720_gml_Object_obj_event_manager_Create_0] READ var 'index' on object index 0 (obj_switchAsyncHelper) but no instance found (varType=STACKTOP, isArray=false, originalInstanceType=0, hasInstanceType=true, varID=7542)
VM: [gml_Script_anon_gml_Object_obj_event_manager_Create_0_4720_gml_Object_obj_event_manager_Create_0] READ var 'index' on object index 0 (obj_switchAsyncHelper) but no instance found (varType=STACKTOP, isArray=false, originalInstanceType=0, hasInstanceType=true, varID=7542)
VM: [gml_Script_anon_gml_Object_obj_event_manager_Create_0_4720_gml_Object_obj_event_manager_Create_0] READ var 'index' on object index 0 (obj_switchAsyncHelper) but no instance found (varType=STACKTOP, isArray=false, originalInstanceType=0, hasInstanceType=true, varID=7542)
VM: [gml_Script_anon_gml_Object_obj_event_manager_Create_0_4720_gml_Object_obj_event_manager_Create_0] READ var 'index' on object index 0 (obj_switchAsyncHelper) but no instance found (varType=STACKTOP, isArray=false, originalInstanceType=0, hasInstanceType=true, varID=7542)
VM: [gml_Script_anon_gml_Object_obj_event_manager_Create_0_4720_gml_Object_obj_event_manager_Create_0] READ var 'index' on object index 0 (obj_switchAsyncHelper) but no instance found (varType=STACKTOP, isArray=false, originalInstanceType=0, hasInstanceType=true, varID=7542)
VM: [gml_Script_anon_gml_Object_obj_event_manager_Create_0_4720_gml_Object_obj_event_manager_Create_0] READ var 'index' on object index 0 (obj_switchAsyncHelper) but no instance found (varType=STACKTOP, isArray=false, originalInstanceType=0, hasInstanceType=true, varID=7542)
VM: @@NewGMLObject@@ method has invalid codeIndex -1
VM: [gml_Script_anon_gml_Object_obj_event_manager_Create_0_4720_gml_Object_obj_event_manager_Create_0] READ var 'index' on object index 0 (obj_switchAsyncHelper) but no instance found (varType=STACKTOP, isArray=false, originalInstanceType=0, hasInstanceType=true, varID=7542)
VM: [gml_Script_anon_gml_Object_obj_event_manager_Create_0_4720_gml_Object_obj_event_manager_Create_0] READ var 'index' on object index 0 (obj_switchAsyncHelper) but no instance found (varType=STACKTOP, isArray=false, originalInstanceType=0, hasInstanceType=true, varID=7542)
VM: [gml_Script_anon_gml_Object_obj_event_manager_Create_0_4720_gml_Object_obj_event_manager_Create_0] READ var 'index' on object index 0 (obj_switchAsyncHelper) but no instance found (varType=STACKTOP, isArray=false, originalInstanceType=0, hasInstanceType=true, varID=7542)
VM: [gml_Script_anon_gml_Object_obj_event_manager_Create_0_4720_gml_Object_obj_event_manager_Create_0] READ var 'index' on object index 0 (obj_switchAsyncHelper) but no instance found (varType=STACKTOP, isArray=false, originalInstanceType=0, hasInstanceType=true, varID=7542)
VM: [gml_Script_anon_gml_Object_obj_event_manager_Create_0_4720_gml_Object_obj_event_manager_Create_0] READ var 'index' on object index 0 (obj_switchAsyncHelper) but no instance found (varType=STACKTOP, isArray=false, originalInstanceType=0, hasInstanceType=true, varID=7542)
VM: [gml_Script_anon_gml_Object_obj_event_manager_Create_0_4720_gml_Object_obj_event_manager_Create_0] READ var 'index' on object index 0 (obj_switchAsyncHelper) but no instance found (varType=STACKTOP, isArray=false, originalInstanceType=0, hasInstanceType=true, varID=7542)
VM: [gml_Script_anon_gml_Object_obj_event_manager_Create_0_4720_gml_Object_obj_event_manager_Create_0] READ var 'index' on object index 0 (obj_switchAsyncHelper) but no instance found (varType=STACKTOP, isArray=false, originalInstanceType=0, hasInstanceType=true, varID=7542)
VM: @@NewGMLObject@@ method has invalid codeIndex -1
VM: [gml_Script_anon_gml_Object_obj_event_manager_Create_0_4720_gml_Object_obj_event_manager_Create_0] READ var 'index' on object index 0 (obj_switchAsyncHelper) but no instance found (varType=STACKTOP, isArray=false, originalInstanceType=0, hasInstanceType=true, varID=7542)
VM: [gml_Script_anon_gml_Object_obj_event_manager_Create_0_4720_gml_Object_obj_event_manager_Create_0] READ var 'index' on object index 0 (obj_switchAsyncHelper) but no instance found (varType=STACKTOP, isArray=false, originalInstanceType=0, hasInstanceType=true, varID=7542)
VM: [gml_Script_anon_gml_Object_obj_event_manager_Create_0_4720_gml_Object_obj_event_manager_Create_0] READ var 'index' on object index 0 (obj_switchAsyncHelper) but no instance found (varType=STACKTOP, isArray=false, originalInstanceType=0, hasInstanceType=true, varID=7542)
VM: [gml_Script_anon_gml_Object_obj_event_manager_Create_0_4720_gml_Object_obj_event_manager_Create_0] READ var 'index' on object index 0 (obj_switchAsyncHelper) but no instance found (varType=STACKTOP, isArray=false, originalInstanceType=0, hasInstanceType=true, varID=7542)
VM: [gml_Script_anon_gml_Object_obj_event_manager_Create_0_4720_gml_Object_obj_event_manager_Create_0] READ var 'index' on object index 0 (obj_switchAsyncHelper) but no instance found (varType=STACKTOP, isArray=false, originalInstanceType=0, hasInstanceType=true, varID=7542)
VM: [gml_Script_anon_gml_Object_obj_event_manager_Create_0_4720_gml_Object_obj_event_manager_Create_0] READ var 'index' on object index 0 (obj_switchAsyncHelper) but no instance found (varType=STACKTOP, isArray=false, originalInstanceType=0, hasInstanceType=true, varID=7542)
VM: [gml_Script_anon_gml_Object_obj_event_manager_Create_0_4720_gml_Object_obj_event_manager_Create_0] READ var 'index' on object index 0 (obj_switchAsyncHelper) but no instance found (varType=STACKTOP, isArray=false, originalInstanceType=0, hasInstanceType=true, varID=7542)
VM: [gml_Script_anon_gml_Object_obj_event_manager_Create_0_4720_gml_Object_obj_event_manager_Create_0] READ var 'index' on object index 0 (obj_switchAsyncHelper) but no instance found (varType=STACKTOP, isArray=false, originalInstanceType=0, hasInstanceType=true, varID=7542)
VM: @@NewGMLObject@@ method has invalid codeIndex -1
VM: [gml_Script_anon_gml_Object_obj_event_manager_Create_0_4720_gml_Object_obj_event_manager_Create_0] READ var 'index' on object index 0 (obj_switchAsyncHelper) but no instance found (varType=STACKTOP, isArray=false, originalInstanceType=0, hasInstanceType=true, varID=7542)
VM: [gml_Script_anon_gml_Object_obj_event_manager_Create_0_4720_gml_Object_obj_event_manager_Create_0] READ var 'index' on object index 0 (obj_switchAsyncHelper) but no instance found (varType=STACKTOP, isArray=false, originalInstanceType=0, hasInstanceType=true, varID=7542)
VM: [gml_Script_anon_gml_Object_obj_event_manager_Create_0_4720_gml_Object_obj_event_manager_Create_0] READ var 'index' on object index 0 (obj_switchAsyncHelper) but no instance found (varType=STACKTOP, isArray=false, originalInstanceType=0, hasInstanceType=true, varID=7542)
VM: [gml_Script_anon_gml_Object_obj_event_manager_Create_0_4720_gml_Object_obj_event_manager_Create_0] READ var 'index' on object index 0 (obj_switchAsyncHelper) but no instance found (varType=STACKTOP, isArray=false, originalInstanceType=0, hasInstanceType=true, varID=7542)
VM: [gml_Script_anon_gml_Object_obj_event_manager_Create_0_4720_gml_Object_obj_event_manager_Create_0] READ var 'index' on object index 0 (obj_switchAsyncHelper) but no instance found (varType=STACKTOP, isArray=false, originalInstanceType=0, hasInstanceType=true, varID=7542)
VM: [gml_Script_anon_gml_Object_obj_event_manager_Create_0_4720_gml_Object_obj_event_manager_Create_0] READ var 'index' on object index 0 (obj_switchAsyncHelper) but no instance found (varType=STACKTOP, isArray=false, originalInstanceType=0, hasInstanceType=true, varID=7542)
VM: [gml_Script_anon_gml_Object_obj_event_manager_Create_0_4720_gml_Object_obj_event_manager_Create_0] READ var 'index' on object index 0 (obj_switchAsyncHelper) but no instance found (varType=STACKTOP, isArray=false, originalInstanceType=0, hasInstanceType=true, varID=7542)
VM: [gml_Script_anon_gml_Object_obj_event_manager_Create_0_4720_gml_Object_obj_event_manager_Create_0] READ var 'index' on object index 0 (obj_switchAsyncHelper) but no instance found (varType=STACKTOP, isArray=false, originalInstanceType=0, hasInstanceType=true, varID=7542)
VM: [gml_Script_anon_gml_Object_obj_event_manager_Create_0_4720_gml_Object_obj_event_manager_Create_0] READ var 'index' on object index 0 (obj_switchAsyncHelper) but no instance found (varType=STACKTOP, isArray=false, originalInstanceType=0, hasInstanceType=true, varID=7542)
VM: @@NewGMLObject@@ method has invalid codeIndex -1
VM: [gml_Script_anon_gml_Object_obj_event_manager_Create_0_4720_gml_Object_obj_event_manager_Create_0] READ var 'index' on object index 0 (obj_switchAsyncHelper) but no instance found (varType=STACKTOP, isArray=false, originalInstanceType=0, hasInstanceType=true, varID=7542)
VM: [gml_Script_anon_gml_Object_obj_event_manager_Create_0_4720_gml_Object_obj_event_manager_Create_0] READ var 'index' on object index 0 (obj_switchAsyncHelper) but no instance found (varType=STACKTOP, isArray=false, originalInstanceType=0, hasInstanceType=true, varID=7542)
VM: [gml_Script_anon_gml_Object_obj_event_manager_Create_0_4720_gml_Object_obj_event_manager_Create_0] READ var 'index' on object index 0 (obj_switchAsyncHelper) but no instance found (varType=STACKTOP, isArray=false, originalInstanceType=0, hasInstanceType=true, varID=7542)
VM: [gml_Script_anon_gml_Object_obj_event_manager_Create_0_4720_gml_Object_obj_event_manager_Create_0] READ var 'index' on object index 0 (obj_switchAsyncHelper) but no instance found (varType=STACKTOP, isArray=false, originalInstanceType=0, hasInstanceType=true, varID=7542)
VM: [gml_Script_anon_gml_Object_obj_event_manager_Create_0_4720_gml_Object_obj_event_manager_Create_0] READ var 'index' on object index 0 (obj_switchAsyncHelper) but no instance found (varType=STACKTOP, isArray=false, originalInstanceType=0, hasInstanceType=true, varID=7542)
VM: [gml_Script_anon_gml_Object_obj_event_manager_Create_0_4720_gml_Object_obj_event_manager_Create_0] READ var 'index' on object index 0 (obj_switchAsyncHelper) but no instance found (varType=STACKTOP, isArray=false, originalInstanceType=0, hasInstanceType=true, varID=7542)
VM: [gml_Script_anon_gml_Object_obj_event_manager_Create_0_4720_gml_Object_obj_event_manager_Create_0] READ var 'index' on object index 0 (obj_switchAsyncHelper) but no instance found (varType=STACKTOP, isArray=false, originalInstanceType=0, hasInstanceType=true, varID=7542)
VM: [gml_Script_anon_gml_Object_obj_event_manager_Create_0_4720_gml_Object_obj_event_manager_Create_0] READ var 'index' on object index 0 (obj_switchAsyncHelper) but no instance found (varType=STACKTOP, isArray=false, originalInstanceType=0, hasInstanceType=true, varID=7542)
VM: [gml_Script_anon_gml_Object_obj_event_manager_Create_0_4720_gml_Object_obj_event_manager_Create_0] READ var 'index' on object index 0 (obj_switchAsyncHelper) but no instance found (varType=STACKTOP, isArray=false, originalInstanceType=0, hasInstanceType=true, varID=7542)
VM: [gml_Script_anon_gml_Object_obj_event_manager_Create_0_4720_gml_Object_obj_event_manager_Create_0] READ var 'index' on object index 0 (obj_switchAsyncHelper) but no instance found (varType=STACKTOP, isArray=false, originalInstanceType=0, hasInstanceType=true, varID=7542)
VM: @@NewGMLObject@@ method has invalid codeIndex -1
VM: [gml_Script_anon_gml_Object_obj_event_manager_Create_0_4720_gml_Object_obj_event_manager_Create_0] READ var 'index' on object index 0 (obj_switchAsyncHelper) but no instance found (varType=STACKTOP, isArray=false, originalInstanceType=0, hasInstanceType=true, varID=7542)
VM: [gml_Script_anon_gml_Object_obj_event_manager_Create_0_4720_gml_Object_obj_event_manager_Create_0] READ var 'index' on object index 0 (obj_switchAsyncHelper) but no instance found (varType=STACKTOP, isArray=false, originalInstanceType=0, hasInstanceType=true, varID=7542)
VM: [gml_Script_anon_gml_Object_obj_event_manager_Create_0_4720_gml_Object_obj_event_manager_Create_0] READ var 'index' on object index 0 (obj_switchAsyncHelper) but no instance found (varType=STACKTOP, isArray=false, originalInstanceType=0, hasInstanceType=true, varID=7542)
VM: [gml_Script_anon_gml_Object_obj_event_manager_Create_0_4720_gml_Object_obj_event_manager_Create_0] READ var 'index' on object index 0 (obj_switchAsyncHelper) but no instance found (varType=STACKTOP, isArray=false, originalInstanceType=0, hasInstanceType=true, varID=7542)
VM: [gml_Script_anon_gml_Object_obj_event_manager_Create_0_4720_gml_Object_obj_event_manager_Create_0] READ var 'index' on object index 0 (obj_switchAsyncHelper) but no instance found (varType=STACKTOP, isArray=false, originalInstanceType=0, hasInstanceType=true, varID=7542)
VM: [gml_Script_anon_gml_Object_obj_event_manager_Create_0_4720_gml_Object_obj_event_manager_Create_0] READ var 'index' on object index 0 (obj_switchAsyncHelper) but no instance found (varType=STACKTOP, isArray=false, originalInstanceType=0, hasInstanceType=true, varID=7542)
VM: [gml_Script_anon_gml_Object_obj_event_manager_Create_0_4720_gml_Object_obj_event_manager_Create_0] READ var 'index' on object index 0 (obj_switchAsyncHelper) but no instance found (varType=STACKTOP, isArray=false, originalInstanceType=0, hasInstanceType=true, varID=7542)
VM: [gml_Script_anon_gml_Object_obj_event_manager_Create_0_4720_gml_Object_obj_event_manager_Create_0] READ var 'index' on object index 0 (obj_switchAsyncHelper) but no instance found (varType=STACKTOP, isArray=false, originalInstanceType=0, hasInstanceType=true, varID=7542)
VM: [gml_Script_anon_gml_Object_obj_event_manager_Create_0_4720_gml_Object_obj_event_manager_Create_0] READ var 'index' on object index 0 (obj_switchAsyncHelper) but no instance found (varType=STACKTOP, isArray=false, originalInstanceType=0, hasInstanceType=true, varID=7542)
VM: [gml_Script_anon_gml_Object_obj_event_manager_Create_0_4720_gml_Object_obj_event_manager_Create_0] READ var 'index' on object index 0 (obj_switchAsyncHelper) but no instance found (varType=STACKTOP, isArray=false, originalInstanceType=0, hasInstanceType=true, varID=7542)
VM: [gml_Script_anon_gml_Object_obj_event_manager_Create_0_4720_gml_Object_obj_event_manager_Create_0] READ var 'index' on object index 0 (obj_switchAsyncHelper) but no instance found (varType=STACKTOP, isArray=false, originalInstanceType=0, hasInstanceType=true, varID=7542)
VM: @@NewGMLObject@@ method has invalid codeIndex -1
VM: [gml_Script_anon_gml_Object_obj_event_manager_Create_0_4720_gml_Object_obj_event_manager_Create_0] READ var 'index' on object index 0 (obj_switchAsyncHelper) but no instance found (varType=STACKTOP, isArray=false, originalInstanceType=0, hasInstanceType=true, varID=7542)
VM: [gml_Script_anon_gml_Object_obj_event_manager_Create_0_4720_gml_Object_obj_event_manager_Create_0] READ var 'index' on object index 0 (obj_switchAsyncHelper) but no instance found (varType=STACKTOP, isArray=false, originalInstanceType=0, hasInstanceType=true, varID=7542)
VM: [gml_Script_anon_gml_Object_obj_event_manager_Create_0_4720_gml_Object_obj_event_manager_Create_0] READ var 'index' on object index 0 (obj_switchAsyncHelper) but no instance found (varType=STACKTOP, isArray=false, originalInstanceType=0, hasInstanceType=true, varID=7542)
VM: [gml_Script_anon_gml_Object_obj_event_manager_Create_0_4720_gml_Object_obj_event_manager_Create_0] READ var 'index' on object index 0 (obj_switchAsyncHelper) but no instance found (varType=STACKTOP, isArray=false, originalInstanceType=0, hasInstanceType=true, varID=7542)
VM: [gml_Script_anon_gml_Object_obj_event_manager_Create_0_4720_gml_Object_obj_event_manager_Create_0] READ var 'index' on object index 0 (obj_switchAsyncHelper) but no instance found (varType=STACKTOP, isArray=false, originalInstanceType=0, hasInstanceType=true, varID=7542)
VM: [gml_Script_anon_gml_Object_obj_event_manager_Create_0_4720_gml_Object_obj_event_manager_Create_0] READ var 'index' on object index 0 (obj_switchAsyncHelper) but no instance found (varType=STACKTOP, isArray=false, originalInstanceType=0, hasInstanceType=true, varID=7542)
VM: [gml_Script_anon_gml_Object_obj_event_manager_Create_0_4720_gml_Object_obj_event_manager_Create_0] READ var 'index' on object index 0 (obj_switchAsyncHelper) but no instance found (varType=STACKTOP, isArray=false, originalInstanceType=0, hasInstanceType=true, varID=7542)
VM: [gml_Script_anon_gml_Object_obj_event_manager_Create_0_4720_gml_Object_obj_event_manager_Create_0] READ var 'index' on object index 0 (obj_switchAsyncHelper) but no instance found (varType=STACKTOP, isArray=false, originalInstanceType=0, hasInstanceType=true, varID=7542)
VM: [gml_Script_anon_gml_Object_obj_event_manager_Create_0_4720_gml_Object_obj_event_manager_Create_0] READ var 'index' on object index 0 (obj_switchAsyncHelper) but no instance found (varType=STACKTOP, isArray=false, originalInstanceType=0, hasInstanceType=true, varID=7542)
VM: [gml_Script_anon_gml_Object_obj_event_manager_Create_0_4720_gml_Object_obj_event_manager_Create_0] READ var 'index' on object index 0 (obj_switchAsyncHelper) but no instance found (varType=STACKTOP, isArray=false, originalInstanceType=0, hasInstanceType=true, varID=7542)
VM: [gml_Script_anon_gml_Object_obj_event_manager_Create_0_4720_gml_Object_obj_event_manager_Create_0] READ var 'index' on object index 0 (obj_switchAsyncHelper) but no instance found (varType=STACKTOP, isArray=false, originalInstanceType=0, hasInstanceType=true, varID=7542)
VM: [gml_Script_anon_gml_Object_obj_event_manager_Create_0_4720_gml_Object_obj_event_manager_Create_0] READ var 'index' on object index 0 (obj_switchAsyncHelper) but no instance found (varType=STACKTOP, isArray=false, originalInstanceType=0, hasInstanceType=true, varID=7542)
VM: @@NewGMLObject@@ method has invalid codeIndex -1
VM: [gml_Script_anon_gml_Object_obj_event_manager_Create_0_4720_gml_Object_obj_event_manager_Create_0] READ var 'index' on object index 0 (obj_switchAsyncHelper) but no instance found (varType=STACKTOP, isArray=false, originalInstanceType=0, hasInstanceType=true, varID=7542)
VM: [gml_Script_anon_gml_Object_obj_event_manager_Create_0_4720_gml_Object_obj_event_manager_Create_0] READ var 'index' on object index 0 (obj_switchAsyncHelper) but no instance found (varType=STACKTOP, isArray=false, originalInstanceType=0, hasInstanceType=true, varID=7542)
VM: [gml_Script_anon_gml_Object_obj_event_manager_Create_0_4720_gml_Object_obj_event_manager_Create_0] READ var 'index' on object index 0 (obj_switchAsyncHelper) but no instance found (varType=STACKTOP, isArray=false, originalInstanceType=0, hasInstanceType=true, varID=7542)
VM: [gml_Script_anon_gml_Object_obj_event_manager_Create_0_4720_gml_Object_obj_event_manager_Create_0] READ var 'index' on object index 0 (obj_switchAsyncHelper) but no instance found (varType=STACKTOP, isArray=false, originalInstanceType=0, hasInstanceType=true, varID=7542)
VM: [gml_Script_anon_gml_Object_obj_event_manager_Create_0_4720_gml_Object_obj_event_manager_Create_0] READ var 'index' on object index 0 (obj_switchAsyncHelper) but no instance found (varType=STACKTOP, isArray=false, originalInstanceType=0, hasInstanceType=true, varID=7542)
VM: [gml_Script_anon_gml_Object_obj_event_manager_Create_0_4720_gml_Object_obj_event_manager_Create_0] READ var 'index' on object index 0 (obj_switchAsyncHelper) but no instance found (varType=STACKTOP, isArray=false, originalInstanceType=0, hasInstanceType=true, varID=7542)
VM: [gml_Script_anon_gml_Object_obj_event_manager_Create_0_4720_gml_Object_obj_event_manager_Create_0] READ var 'index' on object index 0 (obj_switchAsyncHelper) but no instance found (varType=STACKTOP, isArray=false, originalInstanceType=0, hasInstanceType=true, varID=7542)
VM: [gml_Script_anon_gml_Object_obj_event_manager_Create_0_4720_gml_Object_obj_event_manager_Create_0] READ var 'index' on object index 0 (obj_switchAsyncHelper) but no instance found (varType=STACKTOP, isArray=false, originalInstanceType=0, hasInstanceType=true, varID=7542)
VM: [gml_Script_anon_gml_Object_obj_event_manager_Create_0_4720_gml_Object_obj_event_manager_Create_0] READ var 'index' on object index 0 (obj_switchAsyncHelper) but no instance found (varType=STACKTOP, isArray=false, originalInstanceType=0, hasInstanceType=true, varID=7542)
VM: [gml_Script_anon_gml_Object_obj_event_manager_Create_0_4720_gml_Object_obj_event_manager_Create_0] READ var 'index' on object index 0 (obj_switchAsyncHelper) but no instance found (varType=STACKTOP, isArray=false, originalInstanceType=0, hasInstanceType=true, varID=7542)
VM: [gml_Script_anon_gml_Object_obj_event_manager_Create_0_4720_gml_Object_obj_event_manager_Create_0] READ var 'index' on object index 0 (obj_switchAsyncHelper) but no instance found (varType=STACKTOP, isArray=false, originalInstanceType=0, hasInstanceType=true, varID=7542)
VM: [gml_Script_anon_gml_Object_obj_event_manager_Create_0_4720_gml_Object_obj_event_manager_Create_0] READ var 'index' on object index 0 (obj_switchAsyncHelper) but no instance found (varType=STACKTOP, isArray=false, originalInstanceType=0, hasInstanceType=true, varID=7542)
VM: [gml_Script_anon_gml_Object_obj_event_manager_Create_0_4720_gml_Object_obj_event_manager_Create_0] READ var 'index' on object index 0 (obj_switchAsyncHelper) but no instance found (varType=STACKTOP, isArray=false, originalInstanceType=0, hasInstanceType=true, varID=7542)
VM: @@NewGMLObject@@ method has invalid codeIndex -1
VM: [gml_Script_anon_gml_Object_obj_event_manager_Create_0_4720_gml_Object_obj_event_manager_Create_0] READ var 'index' on object index 0 (obj_switchAsyncHelper) but no instance found (varType=STACKTOP, isArray=false, originalInstanceType=0, hasInstanceType=true, varID=7542)
VM: [gml_Script_anon_gml_Object_obj_event_manager_Create_0_4720_gml_Object_obj_event_manager_Create_0] READ var 'index' on object index 0 (obj_switchAsyncHelper) but no instance found (varType=STACKTOP, isArray=false, originalInstanceType=0, hasInstanceType=true, varID=7542)
VM: [gml_Script_anon_gml_Object_obj_event_manager_Create_0_4720_gml_Object_obj_event_manager_Create_0] READ var 'index' on object index 0 (obj_switchAsyncHelper) but no instance found (varType=STACKTOP, isArray=false, originalInstanceType=0, hasInstanceType=true, varID=7542)
VM: [gml_Script_anon_gml_Object_obj_event_manager_Create_0_4720_gml_Object_obj_event_manager_Create_0] READ var 'index' on object index 0 (obj_switchAsyncHelper) but no instance found (varType=STACKTOP, isArray=false, originalInstanceType=0, hasInstanceType=true, varID=7542)
VM: [gml_Script_anon_gml_Object_obj_event_manager_Create_0_4720_gml_Object_obj_event_manager_Create_0] READ var 'index' on object index 0 (obj_switchAsyncHelper) but no instance found (varType=STACKTOP, isArray=false, originalInstanceType=0, hasInstanceType=true, varID=7542)
VM: [gml_Script_anon_gml_Object_obj_event_manager_Create_0_4720_gml_Object_obj_event_manager_Create_0] READ var 'index' on object index 0 (obj_switchAsyncHelper) but no instance found (varType=STACKTOP, isArray=false, originalInstanceType=0, hasInstanceType=true, varID=7542)
VM: [gml_Script_anon_gml_Object_obj_event_manager_Create_0_4720_gml_Object_obj_event_manager_Create_0] READ var 'index' on object index 0 (obj_switchAsyncHelper) but no instance found (varType=STACKTOP, isArray=false, originalInstanceType=0, hasInstanceType=true, varID=7542)
VM: [gml_Script_anon_gml_Object_obj_event_manager_Create_0_4720_gml_Object_obj_event_manager_Create_0] READ var 'index' on object index 0 (obj_switchAsyncHelper) but no instance found (varType=STACKTOP, isArray=false, originalInstanceType=0, hasInstanceType=true, varID=7542)
VM: [gml_Script_anon_gml_Object_obj_event_manager_Create_0_4720_gml_Object_obj_event_manager_Create_0] READ var 'index' on object index 0 (obj_switchAsyncHelper) but no instance found (varType=STACKTOP, isArray=false, originalInstanceType=0, hasInstanceType=true, varID=7542)
VM: [gml_Script_anon_gml_Object_obj_event_manager_Create_0_4720_gml_Object_obj_event_manager_Create_0] READ var 'index' on object index 0 (obj_switchAsyncHelper) but no instance found (varType=STACKTOP, isArray=false, originalInstanceType=0, hasInstanceType=true, varID=7542)
VM: [gml_Script_anon_gml_Object_obj_event_manager_Create_0_4720_gml_Object_obj_event_manager_Create_0] READ var 'index' on object index 0 (obj_switchAsyncHelper) but no instance found (varType=STACKTOP, isArray=false, originalInstanceType=0, hasInstanceType=true, varID=7542)
VM: [gml_Script_anon_gml_Object_obj_event_manager_Create_0_4720_gml_Object_obj_event_manager_Create_0] READ var 'index' on object index 0 (obj_switchAsyncHelper) but no instance found (varType=STACKTOP, isArray=false, originalInstanceType=0, hasInstanceType=true, varID=7542)
VM: [gml_Script_anon_gml_Object_obj_event_manager_Create_0_4720_gml_Object_obj_event_manager_Create_0] READ var 'index' on object index 0 (obj_switchAsyncHelper) but no instance found (varType=STACKTOP, isArray=false, originalInstanceType=0, hasInstanceType=true, varID=7542)
VM: [gml_Script_anon_gml_Object_obj_event_manager_Create_0_4720_gml_Object_obj_event_manager_Create_0] READ var 'index' on object index 0 (obj_switchAsyncHelper) but no instance found (varType=STACKTOP, isArray=false, originalInstanceType=0, hasInstanceType=true, varID=7542)
VM: @@NewGMLObject@@ method has invalid codeIndex -1
VM: [gml_Script_anon_gml_Object_obj_event_manager_Create_0_4720_gml_Object_obj_event_manager_Create_0] READ var 'index' on object index 0 (obj_switchAsyncHelper) but no instance found (varType=STACKTOP, isArray=false, originalInstanceType=0, hasInstanceType=true, varID=7542)
VM: [gml_Script_anon_gml_Object_obj_event_manager_Create_0_4720_gml_Object_obj_event_manager_Create_0] READ var 'index' on object index 0 (obj_switchAsyncHelper) but no instance found (varType=STACKTOP, isArray=false, originalInstanceType=0, hasInstanceType=true, varID=7542)
VM: [gml_Script_anon_gml_Object_obj_event_manager_Create_0_4720_gml_Object_obj_event_manager_Create_0] READ var 'index' on object index 0 (obj_switchAsyncHelper) but no instance found (varType=STACKTOP, isArray=false, originalInstanceType=0, hasInstanceType=true, varID=7542)
VM: [gml_Script_anon_gml_Object_obj_event_manager_Create_0_4720_gml_Object_obj_event_manager_Create_0] READ var 'index' on object index 0 (obj_switchAsyncHelper) but no instance found (varType=STACKTOP, isArray=false, originalInstanceType=0, hasInstanceType=true, varID=7542)
VM: [gml_Script_anon_gml_Object_obj_event_manager_Create_0_4720_gml_Object_obj_event_manager_Create_0] READ var 'index' on object index 0 (obj_switchAsyncHelper) but no instance found (varType=STACKTOP, isArray=false, originalInstanceType=0, hasInstanceType=true, varID=7542)
VM: [gml_Script_anon_gml_Object_obj_event_manager_Create_0_4720_gml_Object_obj_event_manager_Create_0] READ var 'index' on object index 0 (obj_switchAsyncHelper) but no instance found (varType=STACKTOP, isArray=false, originalInstanceType=0, hasInstanceType=true, varID=7542)
VM: [gml_Script_anon_gml_Object_obj_event_manager_Create_0_4720_gml_Object_obj_event_manager_Create_0] READ var 'index' on object index 0 (obj_switchAsyncHelper) but no instance found (varType=STACKTOP, isArray=false, originalInstanceType=0, hasInstanceType=true, varID=7542)
VM: [gml_Script_anon_gml_Object_obj_event_manager_Create_0_4720_gml_Object_obj_event_manager_Create_0] READ var 'index' on object index 0 (obj_switchAsyncHelper) but no instance found (varType=STACKTOP, isArray=false, originalInstanceType=0, hasInstanceType=true, varID=7542)
VM: [gml_Script_anon_gml_Object_obj_event_manager_Create_0_4720_gml_Object_obj_event_manager_Create_0] READ var 'index' on object index 0 (obj_switchAsyncHelper) but no instance found (varType=STACKTOP, isArray=false, originalInstanceType=0, hasInstanceType=true, varID=7542)
VM: [gml_Script_anon_gml_Object_obj_event_manager_Create_0_4720_gml_Object_obj_event_manager_Create_0] READ var 'index' on object index 0 (obj_switchAsyncHelper) but no instance found (varType=STACKTOP, isArray=false, originalInstanceType=0, hasInstanceType=true, varID=7542)
VM: [gml_Script_anon_gml_Object_obj_event_manager_Create_0_4720_gml_Object_obj_event_manager_Create_0] READ var 'index' on object index 0 (obj_switchAsyncHelper) but no instance found (varType=STACKTOP, isArray=false, originalInstanceType=0, hasInstanceType=true, varID=7542)
VM: [gml_Script_anon_gml_Object_obj_event_manager_Create_0_4720_gml_Object_obj_event_manager_Create_0] READ var 'index' on object index 0 (obj_switchAsyncHelper) but no instance found (varType=STACKTOP, isArray=false, originalInstanceType=0, hasInstanceType=true, varID=7542)
VM: [gml_Script_anon_gml_Object_obj_event_manager_Create_0_4720_gml_Object_obj_event_manager_Create_0] READ var 'index' on object index 0 (obj_switchAsyncHelper) but no instance found (varType=STACKTOP, isArray=false, originalInstanceType=0, hasInstanceType=true, varID=7542)
VM: [gml_Script_anon_gml_Object_obj_event_manager_Create_0_4720_gml_Object_obj_event_manager_Create_0] READ var 'index' on object index 0 (obj_switchAsyncHelper) but no instance found (varType=STACKTOP, isArray=false, originalInstanceType=0, hasInstanceType=true, varID=7542)
VM: [gml_Script_anon_gml_Object_obj_event_manager_Create_0_4720_gml_Object_obj_event_manager_Create_0] READ var 'index' on object index 0 (obj_switchAsyncHelper) but no instance found (varType=STACKTOP, isArray=false, originalInstanceType=0, hasInstanceType=true, varID=7542)
VM: @@NewGMLObject@@ method has invalid codeIndex -1
VM: [gml_Script_anon_gml_Object_obj_event_manager_Create_0_4720_gml_Object_obj_event_manager_Create_0] READ var 'index' on object index 0 (obj_switchAsyncHelper) but no instance found (varType=STACKTOP, isArray=false, originalInstanceType=0, hasInstanceType=true, varID=7542)
VM: [gml_Script_anon_gml_Object_obj_event_manager_Create_0_4720_gml_Object_obj_event_manager_Create_0] READ var 'index' on object index 0 (obj_switchAsyncHelper) but no instance found (varType=STACKTOP, isArray=false, originalInstanceType=0, hasInstanceType=true, varID=7542)
VM: [gml_Script_anon_gml_Object_obj_event_manager_Create_0_4720_gml_Object_obj_event_manager_Create_0] READ var 'index' on object index 0 (obj_switchAsyncHelper) but no instance found (varType=STACKTOP, isArray=false, originalInstanceType=0, hasInstanceType=true, varID=7542)
VM: [gml_Script_anon_gml_Object_obj_event_manager_Create_0_4720_gml_Object_obj_event_manager_Create_0] READ var 'index' on object index 0 (obj_switchAsyncHelper) but no instance found (varType=STACKTOP, isArray=false, originalInstanceType=0, hasInstanceType=true, varID=7542)
VM: [gml_Script_anon_gml_Object_obj_event_manager_Create_0_4720_gml_Object_obj_event_manager_Create_0] READ var 'index' on object index 0 (obj_switchAsyncHelper) but no instance found (varType=STACKTOP, isArray=false, originalInstanceType=0, hasInstanceType=true, varID=7542)
VM: [gml_Script_anon_gml_Object_obj_event_manager_Create_0_4720_gml_Object_obj_event_manager_Create_0] READ var 'index' on object index 0 (obj_switchAsyncHelper) but no instance found (varType=STACKTOP, isArray=false, originalInstanceType=0, hasInstanceType=true, varID=7542)
VM: [gml_Script_anon_gml_Object_obj_event_manager_Create_0_4720_gml_Object_obj_event_manager_Create_0] READ var 'index' on object index 0 (obj_switchAsyncHelper) but no instance found (varType=STACKTOP, isArray=false, originalInstanceType=0, hasInstanceType=true, varID=7542)
VM: [gml_Script_anon_gml_Object_obj_event_manager_Create_0_4720_gml_Object_obj_event_manager_Create_0] READ var 'index' on object index 0 (obj_switchAsyncHelper) but no instance found (varType=STACKTOP, isArray=false, originalInstanceType=0, hasInstanceType=true, varID=7542)
VM: [gml_Script_anon_gml_Object_obj_event_manager_Create_0_4720_gml_Object_obj_event_manager_Create_0] READ var 'index' on object index 0 (obj_switchAsyncHelper) but no instance found (varType=STACKTOP, isArray=false, originalInstanceType=0, hasInstanceType=true, varID=7542)
VM: [gml_Script_anon_gml_Object_obj_event_manager_Create_0_4720_gml_Object_obj_event_manager_Create_0] READ var 'index' on object index 0 (obj_switchAsyncHelper) but no instance found (varType=STACKTOP, isArray=false, originalInstanceType=0, hasInstanceType=true, varID=7542)
VM: [gml_Script_anon_gml_Object_obj_event_manager_Create_0_4720_gml_Object_obj_event_manager_Create_0] READ var 'index' on object index 0 (obj_switchAsyncHelper) but no instance found (varType=STACKTOP, isArray=false, originalInstanceType=0, hasInstanceType=true, varID=7542)
VM: [gml_Script_anon_gml_Object_obj_event_manager_Create_0_4720_gml_Object_obj_event_manager_Create_0] READ var 'index' on object index 0 (obj_switchAsyncHelper) but no instance found (varType=STACKTOP, isArray=false, originalInstanceType=0, hasInstanceType=true, varID=7542)
VM: [gml_Script_anon_gml_Object_obj_event_manager_Create_0_4720_gml_Object_obj_event_manager_Create_0] READ var 'index' on object index 0 (obj_switchAsyncHelper) but no instance found (varType=STACKTOP, isArray=false, originalInstanceType=0, hasInstanceType=true, varID=7542)
VM: [gml_Script_anon_gml_Object_obj_event_manager_Create_0_4720_gml_Object_obj_event_manager_Create_0] READ var 'index' on object index 0 (obj_switchAsyncHelper) but no instance found (varType=STACKTOP, isArray=false, originalInstanceType=0, hasInstanceType=true, varID=7542)
VM: [gml_Script_anon_gml_Object_obj_event_manager_Create_0_4720_gml_Object_obj_event_manager_Create_0] READ var 'index' on object index 0 (obj_switchAsyncHelper) but no instance found (varType=STACKTOP, isArray=false, originalInstanceType=0, hasInstanceType=true, varID=7542)
VM: [gml_Script_anon_gml_Object_obj_event_manager_Create_0_4720_gml_Object_obj_event_manager_Create_0] READ var 'index' on object index 0 (obj_switchAsyncHelper) but no instance found (varType=STACKTOP, isArray=false, originalInstanceType=0, hasInstanceType=true, varID=7542)
VM: @@NewGMLObject@@ method has invalid codeIndex -1
VM: [gml_Script_anon_gml_Object_obj_event_manager_Create_0_4720_gml_Object_obj_event_manager_Create_0] READ var 'index' on object index 0 (obj_switchAsyncHelper) but no instance found (varType=STACKTOP, isArray=false, originalInstanceType=0, hasInstanceType=true, varID=7542)
VM: [gml_Script_anon_gml_Object_obj_event_manager_Create_0_4720_gml_Object_obj_event_manager_Create_0] READ var 'index' on object index 0 (obj_switchAsyncHelper) but no instance found (varType=STACKTOP, isArray=false, originalInstanceType=0, hasInstanceType=true, varID=7542)
VM: [gml_Script_anon_gml_Object_obj_event_manager_Create_0_4720_gml_Object_obj_event_manager_Create_0] READ var 'index' on object index 0 (obj_switchAsyncHelper) but no instance found (varType=STACKTOP, isArray=false, originalInstanceType=0, hasInstanceType=true, varID=7542)
VM: [gml_Script_anon_gml_Object_obj_event_manager_Create_0_4720_gml_Object_obj_event_manager_Create_0] READ var 'index' on object index 0 (obj_switchAsyncHelper) but no instance found (varType=STACKTOP, isArray=false, originalInstanceType=0, hasInstanceType=true, varID=7542)
VM: [gml_Script_anon_gml_Object_obj_event_manager_Create_0_4720_gml_Object_obj_event_manager_Create_0] READ var 'index' on object index 0 (obj_switchAsyncHelper) but no instance found (varType=STACKTOP, isArray=false, originalInstanceType=0, hasInstanceType=true, varID=7542)
VM: [gml_Script_anon_gml_Object_obj_event_manager_Create_0_4720_gml_Object_obj_event_manager_Create_0] READ var 'index' on object index 0 (obj_switchAsyncHelper) but no instance found (varType=STACKTOP, isArray=false, originalInstanceType=0, hasInstanceType=true, varID=7542)
VM: [gml_Script_anon_gml_Object_obj_event_manager_Create_0_4720_gml_Object_obj_event_manager_Create_0] READ var 'index' on object index 0 (obj_switchAsyncHelper) but no instance found (varType=STACKTOP, isArray=false, originalInstanceType=0, hasInstanceType=true, varID=7542)
VM: [gml_Script_anon_gml_Object_obj_event_manager_Create_0_4720_gml_Object_obj_event_manager_Create_0] READ var 'index' on object index 0 (obj_switchAsyncHelper) but no instance found (varType=STACKTOP, isArray=false, originalInstanceType=0, hasInstanceType=true, varID=7542)
VM: [gml_Script_anon_gml_Object_obj_event_manager_Create_0_4720_gml_Object_obj_event_manager_Create_0] READ var 'index' on object index 0 (obj_switchAsyncHelper) but no instance found (varType=STACKTOP, isArray=false, originalInstanceType=0, hasInstanceType=true, varID=7542)
VM: [gml_Script_anon_gml_Object_obj_event_manager_Create_0_4720_gml_Object_obj_event_manager_Create_0] READ var 'index' on object index 0 (obj_switchAsyncHelper) but no instance found (varType=STACKTOP, isArray=false, originalInstanceType=0, hasInstanceType=true, varID=7542)
VM: [gml_Script_anon_gml_Object_obj_event_manager_Create_0_4720_gml_Object_obj_event_manager_Create_0] READ var 'index' on object index 0 (obj_switchAsyncHelper) but no instance found (varType=STACKTOP, isArray=false, originalInstanceType=0, hasInstanceType=true, varID=7542)
VM: [gml_Script_anon_gml_Object_obj_event_manager_Create_0_4720_gml_Object_obj_event_manager_Create_0] READ var 'index' on object index 0 (obj_switchAsyncHelper) but no instance found (varType=STACKTOP, isArray=false, originalInstanceType=0, hasInstanceType=true, varID=7542)
VM: [gml_Script_anon_gml_Object_obj_event_manager_Create_0_4720_gml_Object_obj_event_manager_Create_0] READ var 'index' on object index 0 (obj_switchAsyncHelper) but no instance found (varType=STACKTOP, isArray=false, originalInstanceType=0, hasInstanceType=true, varID=7542)
VM: [gml_Script_anon_gml_Object_obj_event_manager_Create_0_4720_gml_Object_obj_event_manager_Create_0] READ var 'index' on object index 0 (obj_switchAsyncHelper) but no instance found (varType=STACKTOP, isArray=false, originalInstanceType=0, hasInstanceType=true, varID=7542)
VM: [gml_Script_anon_gml_Object_obj_event_manager_Create_0_4720_gml_Object_obj_event_manager_Create_0] READ var 'index' on object index 0 (obj_switchAsyncHelper) but no instance found (varType=STACKTOP, isArray=false, originalInstanceType=0, hasInstanceType=true, varID=7542)
VM: [gml_Script_anon_gml_Object_obj_event_manager_Create_0_4720_gml_Object_obj_event_manager_Create_0] READ var 'index' on object index 0 (obj_switchAsyncHelper) but no instance found (varType=STACKTOP, isArray=false, originalInstanceType=0, hasInstanceType=true, varID=7542)
VM: [gml_Script_anon_gml_Object_obj_event_manager_Create_0_4720_gml_Object_obj_event_manager_Create_0] READ var 'index' on object index 0 (obj_switchAsyncHelper) but no instance found (varType=STACKTOP, isArray=false, originalInstanceType=0, hasInstanceType=true, varID=7542)
VM: @@NewGMLObject@@ method has invalid codeIndex -1
VM: [gml_Script_anon_gml_Object_obj_event_manager_Create_0_4720_gml_Object_obj_event_manager_Create_0] READ var 'index' on object index 0 (obj_switchAsyncHelper) but no instance found (varType=STACKTOP, isArray=false, originalInstanceType=0, hasInstanceType=true, varID=7542)
VM: [gml_Script_anon_gml_Object_obj_event_manager_Create_0_4720_gml_Object_obj_event_manager_Create_0] READ var 'index' on object index 0 (obj_switchAsyncHelper) but no instance found (varType=STACKTOP, isArray=false, originalInstanceType=0, hasInstanceType=true, varID=7542)
VM: [gml_Script_anon_gml_Object_obj_event_manager_Create_0_4720_gml_Object_obj_event_manager_Create_0] READ var 'index' on object index 0 (obj_switchAsyncHelper) but no instance found (varType=STACKTOP, isArray=false, originalInstanceType=0, hasInstanceType=true, varID=7542)
VM: [gml_Script_anon_gml_Object_obj_event_manager_Create_0_4720_gml_Object_obj_event_manager_Create_0] READ var 'index' on object index 0 (obj_switchAsyncHelper) but no instance found (varType=STACKTOP, isArray=false, originalInstanceType=0, hasInstanceType=true, varID=7542)
VM: [gml_Script_anon_gml_Object_obj_event_manager_Create_0_4720_gml_Object_obj_event_manager_Create_0] READ var 'index' on object index 0 (obj_switchAsyncHelper) but no instance found (varType=STACKTOP, isArray=false, originalInstanceType=0, hasInstanceType=true, varID=7542)
VM: [gml_Script_anon_gml_Object_obj_event_manager_Create_0_4720_gml_Object_obj_event_manager_Create_0] READ var 'index' on object index 0 (obj_switchAsyncHelper) but no instance found (varType=STACKTOP, isArray=false, originalInstanceType=0, hasInstanceType=true, varID=7542)
VM: [gml_Script_anon_gml_Object_obj_event_manager_Create_0_4720_gml_Object_obj_event_manager_Create_0] READ var 'index' on object index 0 (obj_switchAsyncHelper) but no instance found (varType=STACKTOP, isArray=false, originalInstanceType=0, hasInstanceType=true, varID=7542)
VM: [gml_Script_anon_gml_Object_obj_event_manager_Create_0_4720_gml_Object_obj_event_manager_Create_0] READ var 'index' on object index 0 (obj_switchAsyncHelper) but no instance found (varType=STACKTOP, isArray=false, originalInstanceType=0, hasInstanceType=true, varID=7542)
VM: [gml_Script_anon_gml_Object_obj_event_manager_Create_0_4720_gml_Object_obj_event_manager_Create_0] READ var 'index' on object index 0 (obj_switchAsyncHelper) but no instance found (varType=STACKTOP, isArray=false, originalInstanceType=0, hasInstanceType=true, varID=7542)
VM: [gml_Script_anon_gml_Object_obj_event_manager_Create_0_4720_gml_Object_obj_event_manager_Create_0] READ var 'index' on object index 0 (obj_switchAsyncHelper) but no instance found (varType=STACKTOP, isArray=false, originalInstanceType=0, hasInstanceType=true, varID=7542)
VM: [gml_Script_anon_gml_Object_obj_event_manager_Create_0_4720_gml_Object_obj_event_manager_Create_0] READ var 'index' on object index 0 (obj_switchAsyncHelper) but no instance found (varType=STACKTOP, isArray=false, originalInstanceType=0, hasInstanceType=true, varID=7542)
VM: [gml_Script_anon_gml_Object_obj_event_manager_Create_0_4720_gml_Object_obj_event_manager_Create_0] READ var 'index' on object index 0 (obj_switchAsyncHelper) but no instance found (varType=STACKTOP, isArray=false, originalInstanceType=0, hasInstanceType=true, varID=7542)
VM: [gml_Script_anon_gml_Object_obj_event_manager_Create_0_4720_gml_Object_obj_event_manager_Create_0] READ var 'index' on object index 0 (obj_switchAsyncHelper) but no instance found (varType=STACKTOP, isArray=false, originalInstanceType=0, hasInstanceType=true, varID=7542)
VM: [gml_Script_anon_gml_Object_obj_event_manager_Create_0_4720_gml_Object_obj_event_manager_Create_0] READ var 'index' on object index 0 (obj_switchAsyncHelper) but no instance found (varType=STACKTOP, isArray=false, originalInstanceType=0, hasInstanceType=true, varID=7542)
VM: [gml_Script_anon_gml_Object_obj_event_manager_Create_0_4720_gml_Object_obj_event_manager_Create_0] READ var 'index' on object index 0 (obj_switchAsyncHelper) but no instance found (varType=STACKTOP, isArray=false, originalInstanceType=0, hasInstanceType=true, varID=7542)
VM: [gml_Script_anon_gml_Object_obj_event_manager_Create_0_4720_gml_Object_obj_event_manager_Create_0] READ var 'index' on object index 0 (obj_switchAsyncHelper) but no instance found (varType=STACKTOP, isArray=false, originalInstanceType=0, hasInstanceType=true, varID=7542)
VM: [gml_Script_anon_gml_Object_obj_event_manager_Create_0_4720_gml_Object_obj_event_manager_Create_0] READ var 'index' on object index 0 (obj_switchAsyncHelper) but no instance found (varType=STACKTOP, isArray=false, originalInstanceType=0, hasInstanceType=true, varID=7542)
VM: [gml_Script_anon_gml_Object_obj_event_manager_Create_0_4720_gml_Object_obj_event_manager_Create_0] READ var 'index' on object index 0 (obj_switchAsyncHelper) but no instance found (varType=STACKTOP, isArray=false, originalInstanceType=0, hasInstanceType=true, varID=7542)
VM: @@NewGMLObject@@ method has invalid codeIndex -1
VM: [gml_Script_anon_gml_Object_obj_event_manager_Create_0_4720_gml_Object_obj_event_manager_Create_0] READ var 'index' on object index 0 (obj_switchAsyncHelper) but no instance found (varType=STACKTOP, isArray=false, originalInstanceType=0, hasInstanceType=true, varID=7542)
VM: [gml_Script_anon_gml_Object_obj_event_manager_Create_0_4720_gml_Object_obj_event_manager_Create_0] READ var 'index' on object index 0 (obj_switchAsyncHelper) but no instance found (varType=STACKTOP, isArray=false, originalInstanceType=0, hasInstanceType=true, varID=7542)
VM: [gml_Script_anon_gml_Object_obj_event_manager_Create_0_4720_gml_Object_obj_event_manager_Create_0] READ var 'index' on object index 0 (obj_switchAsyncHelper) but no instance found (varType=STACKTOP, isArray=false, originalInstanceType=0, hasInstanceType=true, varID=7542)
VM: [gml_Script_anon_gml_Object_obj_event_manager_Create_0_4720_gml_Object_obj_event_manager_Create_0] READ var 'index' on object index 0 (obj_switchAsyncHelper) but no instance found (varType=STACKTOP, isArray=false, originalInstanceType=0, hasInstanceType=true, varID=7542)
VM: [gml_Script_anon_gml_Object_obj_event_manager_Create_0_4720_gml_Object_obj_event_manager_Create_0] READ var 'index' on object index 0 (obj_switchAsyncHelper) but no instance found (varType=STACKTOP, isArray=false, originalInstanceType=0, hasInstanceType=true, varID=7542)
VM: [gml_Script_anon_gml_Object_obj_event_manager_Create_0_4720_gml_Object_obj_event_manager_Create_0] READ var 'index' on object index 0 (obj_switchAsyncHelper) but no instance found (varType=STACKTOP, isArray=false, originalInstanceType=0, hasInstanceType=true, varID=7542)
VM: [gml_Script_anon_gml_Object_obj_event_manager_Create_0_4720_gml_Object_obj_event_manager_Create_0] READ var 'index' on object index 0 (obj_switchAsyncHelper) but no instance found (varType=STACKTOP, isArray=false, originalInstanceType=0, hasInstanceType=true, varID=7542)
VM: [gml_Script_anon_gml_Object_obj_event_manager_Create_0_4720_gml_Object_obj_event_manager_Create_0] READ var 'index' on object index 0 (obj_switchAsyncHelper) but no instance found (varType=STACKTOP, isArray=false, originalInstanceType=0, hasInstanceType=true, varID=7542)
VM: [gml_Script_anon_gml_Object_obj_event_manager_Create_0_4720_gml_Object_obj_event_manager_Create_0] READ var 'index' on object index 0 (obj_switchAsyncHelper) but no instance found (varType=STACKTOP, isArray=false, originalInstanceType=0, hasInstanceType=true, varID=7542)
VM: [gml_Script_anon_gml_Object_obj_event_manager_Create_0_4720_gml_Object_obj_event_manager_Create_0] READ var 'index' on object index 0 (obj_switchAsyncHelper) but no instance found (varType=STACKTOP, isArray=false, originalInstanceType=0, hasInstanceType=true, varID=7542)
VM: [gml_Script_anon_gml_Object_obj_event_manager_Create_0_4720_gml_Object_obj_event_manager_Create_0] READ var 'index' on object index 0 (obj_switchAsyncHelper) but no instance found (varType=STACKTOP, isArray=false, originalInstanceType=0, hasInstanceType=true, varID=7542)
VM: [gml_Script_anon_gml_Object_obj_event_manager_Create_0_4720_gml_Object_obj_event_manager_Create_0] READ var 'index' on object index 0 (obj_switchAsyncHelper) but no instance found (varType=STACKTOP, isArray=false, originalInstanceType=0, hasInstanceType=true, varID=7542)
VM: [gml_Script_anon_gml_Object_obj_event_manager_Create_0_4720_gml_Object_obj_event_manager_Create_0] READ var 'index' on object index 0 (obj_switchAsyncHelper) but no instance found (varType=STACKTOP, isArray=false, originalInstanceType=0, hasInstanceType=true, varID=7542)
VM: [gml_Script_anon_gml_Object_obj_event_manager_Create_0_4720_gml_Object_obj_event_manager_Create_0] READ var 'index' on object index 0 (obj_switchAsyncHelper) but no instance found (varType=STACKTOP, isArray=false, originalInstanceType=0, hasInstanceType=true, varID=7542)
VM: [gml_Script_anon_gml_Object_obj_event_manager_Create_0_4720_gml_Object_obj_event_manager_Create_0] READ var 'index' on object index 0 (obj_switchAsyncHelper) but no instance found (varType=STACKTOP, isArray=false, originalInstanceType=0, hasInstanceType=true, varID=7542)
VM: [gml_Script_anon_gml_Object_obj_event_manager_Create_0_4720_gml_Object_obj_event_manager_Create_0] READ var 'index' on object index 0 (obj_switchAsyncHelper) but no instance found (varType=STACKTOP, isArray=false, originalInstanceType=0, hasInstanceType=true, varID=7542)
VM: [gml_Script_anon_gml_Object_obj_event_manager_Create_0_4720_gml_Object_obj_event_manager_Create_0] READ var 'index' on object index 0 (obj_switchAsyncHelper) but no instance found (varType=STACKTOP, isArray=false, originalInstanceType=0, hasInstanceType=true, varID=7542)
VM: [gml_Script_anon_gml_Object_obj_event_manager_Create_0_4720_gml_Object_obj_event_manager_Create_0] READ var 'index' on object index 0 (obj_switchAsyncHelper) but no instance found (varType=STACKTOP, isArray=false, originalInstanceType=0, hasInstanceType=true, varID=7542)
VM: [gml_Script_anon_gml_Object_obj_event_manager_Create_0_4720_gml_Object_obj_event_manager_Create_0] READ var 'index' on object index 0 (obj_switchAsyncHelper) but no instance found (varType=STACKTOP, isArray=false, originalInstanceType=0, hasInstanceType=true, varID=7542)
VM: @@NewGMLObject@@ method has invalid codeIndex -1
VM: [gml_Script_anon_gml_Object_obj_event_manager_Create_0_4720_gml_Object_obj_event_manager_Create_0] READ var 'index' on object index 0 (obj_switchAsyncHelper) but no instance found (varType=STACKTOP, isArray=false, originalInstanceType=0, hasInstanceType=true, varID=7542)
VM: [gml_Script_anon_gml_Object_obj_event_manager_Create_0_4720_gml_Object_obj_event_manager_Create_0] READ var 'index' on object index 0 (obj_switchAsyncHelper) but no instance found (varType=STACKTOP, isArray=false, originalInstanceType=0, hasInstanceType=true, varID=7542)
VM: [gml_Script_anon_gml_Object_obj_event_manager_Create_0_4720_gml_Object_obj_event_manager_Create_0] READ var 'index' on object index 0 (obj_switchAsyncHelper) but no instance found (varType=STACKTOP, isArray=false, originalInstanceType=0, hasInstanceType=true, varID=7542)
VM: [gml_Script_anon_gml_Object_obj_event_manager_Create_0_4720_gml_Object_obj_event_manager_Create_0] READ var 'index' on object index 0 (obj_switchAsyncHelper) but no instance found (varType=STACKTOP, isArray=false, originalInstanceType=0, hasInstanceType=true, varID=7542)
VM: [gml_Script_anon_gml_Object_obj_event_manager_Create_0_4720_gml_Object_obj_event_manager_Create_0] READ var 'index' on object index 0 (obj_switchAsyncHelper) but no instance found (varType=STACKTOP, isArray=false, originalInstanceType=0, hasInstanceType=true, varID=7542)
VM: [gml_Script_anon_gml_Object_obj_event_manager_Create_0_4720_gml_Object_obj_event_manager_Create_0] READ var 'index' on object index 0 (obj_switchAsyncHelper) but no instance found (varType=STACKTOP, isArray=false, originalInstanceType=0, hasInstanceType=true, varID=7542)
VM: [gml_Script_anon_gml_Object_obj_event_manager_Create_0_4720_gml_Object_obj_event_manager_Create_0] READ var 'index' on object index 0 (obj_switchAsyncHelper) but no instance found (varType=STACKTOP, isArray=false, originalInstanceType=0, hasInstanceType=true, varID=7542)
VM: [gml_Script_anon_gml_Object_obj_event_manager_Create_0_4720_gml_Object_obj_event_manager_Create_0] READ var 'index' on object index 0 (obj_switchAsyncHelper) but no instance found (varType=STACKTOP, isArray=false, originalInstanceType=0, hasInstanceType=true, varID=7542)
VM: [gml_Script_anon_gml_Object_obj_event_manager_Create_0_4720_gml_Object_obj_event_manager_Create_0] READ var 'index' on object index 0 (obj_switchAsyncHelper) but no instance found (varType=STACKTOP, isArray=false, originalInstanceType=0, hasInstanceType=true, varID=7542)
VM: [gml_Script_anon_gml_Object_obj_event_manager_Create_0_4720_gml_Object_obj_event_manager_Create_0] READ var 'index' on object index 0 (obj_switchAsyncHelper) but no instance found (varType=STACKTOP, isArray=false, originalInstanceType=0, hasInstanceType=true, varID=7542)
VM: [gml_Script_anon_gml_Object_obj_event_manager_Create_0_4720_gml_Object_obj_event_manager_Create_0] READ var 'index' on object index 0 (obj_switchAsyncHelper) but no instance found (varType=STACKTOP, isArray=false, originalInstanceType=0, hasInstanceType=true, varID=7542)
VM: [gml_Script_anon_gml_Object_obj_event_manager_Create_0_4720_gml_Object_obj_event_manager_Create_0] READ var 'index' on object index 0 (obj_switchAsyncHelper) but no instance found (varType=STACKTOP, isArray=false, originalInstanceType=0, hasInstanceType=true, varID=7542)
VM: [gml_Script_anon_gml_Object_obj_event_manager_Create_0_4720_gml_Object_obj_event_manager_Create_0] READ var 'index' on object index 0 (obj_switchAsyncHelper) but no instance found (varType=STACKTOP, isArray=false, originalInstanceType=0, hasInstanceType=true, varID=7542)
VM: [gml_Script_anon_gml_Object_obj_event_manager_Create_0_4720_gml_Object_obj_event_manager_Create_0] READ var 'index' on object index 0 (obj_switchAsyncHelper) but no instance found (varType=STACKTOP, isArray=false, originalInstanceType=0, hasInstanceType=true, varID=7542)
VM: [gml_Script_anon_gml_Object_obj_event_manager_Create_0_4720_gml_Object_obj_event_manager_Create_0] READ var 'index' on object index 0 (obj_switchAsyncHelper) but no instance found (varType=STACKTOP, isArray=false, originalInstanceType=0, hasInstanceType=true, varID=7542)
VM: [gml_Script_anon_gml_Object_obj_event_manager_Create_0_4720_gml_Object_obj_event_manager_Create_0] READ var 'index' on object index 0 (obj_switchAsyncHelper) but no instance found (varType=STACKTOP, isArray=false, originalInstanceType=0, hasInstanceType=true, varID=7542)
VM: [gml_Script_anon_gml_Object_obj_event_manager_Create_0_4720_gml_Object_obj_event_manager_Create_0] READ var 'index' on object index 0 (obj_switchAsyncHelper) but no instance found (varType=STACKTOP, isArray=false, originalInstanceType=0, hasInstanceType=true, varID=7542)
VM: [gml_Script_anon_gml_Object_obj_event_manager_Create_0_4720_gml_Object_obj_event_manager_Create_0] READ var 'index' on object index 0 (obj_switchAsyncHelper) but no instance found (varType=STACKTOP, isArray=false, originalInstanceType=0, hasInstanceType=true, varID=7542)
VM: [gml_Script_anon_gml_Object_obj_event_manager_Create_0_4720_gml_Object_obj_event_manager_Create_0] READ var 'index' on object index 0 (obj_switchAsyncHelper) but no instance found (varType=STACKTOP, isArray=false, originalInstanceType=0, hasInstanceType=true, varID=7542)
VM: [gml_Script_anon_gml_Object_obj_event_manager_Create_0_4720_gml_Object_obj_event_manager_Create_0] READ var 'index' on object index 0 (obj_switchAsyncHelper) but no instance found (varType=STACKTOP, isArray=false, originalInstanceType=0, hasInstanceType=true, varID=7542)
VM: @@NewGMLObject@@ method has invalid codeIndex -1
VM: [gml_Script_anon_gml_Object_obj_event_manager_Create_0_4720_gml_Object_obj_event_manager_Create_0] READ var 'index' on object index 0 (obj_switchAsyncHelper) but no instance found (varType=STACKTOP, isArray=false, originalInstanceType=0, hasInstanceType=true, varID=7542)
VM: [gml_Script_anon_gml_Object_obj_event_manager_Create_0_4720_gml_Object_obj_event_manager_Create_0] READ var 'index' on object index 0 (obj_switchAsyncHelper) but no instance found (varType=STACKTOP, isArray=false, originalInstanceType=0, hasInstanceType=true, varID=7542)
VM: [gml_Script_anon_gml_Object_obj_event_manager_Create_0_4720_gml_Object_obj_event_manager_Create_0] READ var 'index' on object index 0 (obj_switchAsyncHelper) but no instance found (varType=STACKTOP, isArray=false, originalInstanceType=0, hasInstanceType=true, varID=7542)
VM: [gml_Script_anon_gml_Object_obj_event_manager_Create_0_4720_gml_Object_obj_event_manager_Create_0] READ var 'index' on object index 0 (obj_switchAsyncHelper) but no instance found (varType=STACKTOP, isArray=false, originalInstanceType=0, hasInstanceType=true, varID=7542)
VM: [gml_Script_anon_gml_Object_obj_event_manager_Create_0_4720_gml_Object_obj_event_manager_Create_0] READ var 'index' on object index 0 (obj_switchAsyncHelper) but no instance found (varType=STACKTOP, isArray=false, originalInstanceType=0, hasInstanceType=true, varID=7542)
VM: [gml_Script_anon_gml_Object_obj_event_manager_Create_0_4720_gml_Object_obj_event_manager_Create_0] READ var 'index' on object index 0 (obj_switchAsyncHelper) but no instance found (varType=STACKTOP, isArray=false, originalInstanceType=0, hasInstanceType=true, varID=7542)
VM: [gml_Script_anon_gml_Object_obj_event_manager_Create_0_4720_gml_Object_obj_event_manager_Create_0] READ var 'index' on object index 0 (obj_switchAsyncHelper) but no instance found (varType=STACKTOP, isArray=false, originalInstanceType=0, hasInstanceType=true, varID=7542)
VM: [gml_Script_anon_gml_Object_obj_event_manager_Create_0_4720_gml_Object_obj_event_manager_Create_0] READ var 'index' on object index 0 (obj_switchAsyncHelper) but no instance found (varType=STACKTOP, isArray=false, originalInstanceType=0, hasInstanceType=true, varID=7542)
VM: [gml_Script_anon_gml_Object_obj_event_manager_Create_0_4720_gml_Object_obj_event_manager_Create_0] READ var 'index' on object index 0 (obj_switchAsyncHelper) but no instance found (varType=STACKTOP, isArray=false, originalInstanceType=0, hasInstanceType=true, varID=7542)
VM: [gml_Script_anon_gml_Object_obj_event_manager_Create_0_4720_gml_Object_obj_event_manager_Create_0] READ var 'index' on object index 0 (obj_switchAsyncHelper) but no instance found (varType=STACKTOP, isArray=false, originalInstanceType=0, hasInstanceType=true, varID=7542)
VM: [gml_Script_anon_gml_Object_obj_event_manager_Create_0_4720_gml_Object_obj_event_manager_Create_0] READ var 'index' on object index 0 (obj_switchAsyncHelper) but no instance found (varType=STACKTOP, isArray=false, originalInstanceType=0, hasInstanceType=true, varID=7542)
VM: [gml_Script_anon_gml_Object_obj_event_manager_Create_0_4720_gml_Object_obj_event_manager_Create_0] READ var 'index' on object index 0 (obj_switchAsyncHelper) but no instance found (varType=STACKTOP, isArray=false, originalInstanceType=0, hasInstanceType=true, varID=7542)
VM: [gml_Script_anon_gml_Object_obj_event_manager_Create_0_4720_gml_Object_obj_event_manager_Create_0] READ var 'index' on object index 0 (obj_switchAsyncHelper) but no instance found (varType=STACKTOP, isArray=false, originalInstanceType=0, hasInstanceType=true, varID=7542)
VM: [gml_Script_anon_gml_Object_obj_event_manager_Create_0_4720_gml_Object_obj_event_manager_Create_0] READ var 'index' on object index 0 (obj_switchAsyncHelper) but no instance found (varType=STACKTOP, isArray=false, originalInstanceType=0, hasInstanceType=true, varID=7542)
VM: [gml_Script_anon_gml_Object_obj_event_manager_Create_0_4720_gml_Object_obj_event_manager_Create_0] READ var 'index' on object index 0 (obj_switchAsyncHelper) but no instance found (varType=STACKTOP, isArray=false, originalInstanceType=0, hasInstanceType=true, varID=7542)
VM: [gml_Script_anon_gml_Object_obj_event_manager_Create_0_4720_gml_Object_obj_event_manager_Create_0] READ var 'index' on object index 0 (obj_switchAsyncHelper) but no instance found (varType=STACKTOP, isArray=false, originalInstanceType=0, hasInstanceType=true, varID=7542)
VM: [gml_Script_anon_gml_Object_obj_event_manager_Create_0_4720_gml_Object_obj_event_manager_Create_0] READ var 'index' on object index 0 (obj_switchAsyncHelper) but no instance found (varType=STACKTOP, isArray=false, originalInstanceType=0, hasInstanceType=true, varID=7542)
VM: [gml_Script_anon_gml_Object_obj_event_manager_Create_0_4720_gml_Object_obj_event_manager_Create_0] READ var 'index' on object index 0 (obj_switchAsyncHelper) but no instance found (varType=STACKTOP, isArray=false, originalInstanceType=0, hasInstanceType=true, varID=7542)
VM: [gml_Script_anon_gml_Object_obj_event_manager_Create_0_4720_gml_Object_obj_event_manager_Create_0] READ var 'index' on object index 0 (obj_switchAsyncHelper) but no instance found (varType=STACKTOP, isArray=false, originalInstanceType=0, hasInstanceType=true, varID=7542)
VM: [gml_Script_anon_gml_Object_obj_event_manager_Create_0_4720_gml_Object_obj_event_manager_Create_0] READ var 'index' on object index 0 (obj_switchAsyncHelper) but no instance found (varType=STACKTOP, isArray=false, originalInstanceType=0, hasInstanceType=true, varID=7542)
VM: [gml_Script_anon_gml_Object_obj_event_manager_Create_0_4720_gml_Object_obj_event_manager_Create_0] READ var 'index' on object index 0 (obj_switchAsyncHelper) but no instance found (varType=STACKTOP, isArray=false, originalInstanceType=0, hasInstanceType=true, varID=7542)
VM: @@NewGMLObject@@ method has invalid codeIndex -1
VM: [gml_Script_anon_gml_Object_obj_event_manager_Create_0_4720_gml_Object_obj_event_manager_Create_0] READ var 'index' on object index 0 (obj_switchAsyncHelper) but no instance found (varType=STACKTOP, isArray=false, originalInstanceType=0, hasInstanceType=true, varID=7542)
VM: [gml_Script_anon_gml_Object_obj_event_manager_Create_0_4720_gml_Object_obj_event_manager_Create_0] READ var 'index' on object index 0 (obj_switchAsyncHelper) but no instance found (varType=STACKTOP, isArray=false, originalInstanceType=0, hasInstanceType=true, varID=7542)
VM: [gml_Script_anon_gml_Object_obj_event_manager_Create_0_4720_gml_Object_obj_event_manager_Create_0] READ var 'index' on object index 0 (obj_switchAsyncHelper) but no instance found (varType=STACKTOP, isArray=false, originalInstanceType=0, hasInstanceType=true, varID=7542)
VM: [gml_Script_anon_gml_Object_obj_event_manager_Create_0_4720_gml_Object_obj_event_manager_Create_0] READ var 'index' on object index 0 (obj_switchAsyncHelper) but no instance found (varType=STACKTOP, isArray=false, originalInstanceType=0, hasInstanceType=true, varID=7542)
VM: [gml_Script_anon_gml_Object_obj_event_manager_Create_0_4720_gml_Object_obj_event_manager_Create_0] READ var 'index' on object index 0 (obj_switchAsyncHelper) but no instance found (varType=STACKTOP, isArray=false, originalInstanceType=0, hasInstanceType=true, varID=7542)
VM: [gml_Script_anon_gml_Object_obj_event_manager_Create_0_4720_gml_Object_obj_event_manager_Create_0] READ var 'index' on object index 0 (obj_switchAsyncHelper) but no instance found (varType=STACKTOP, isArray=false, originalInstanceType=0, hasInstanceType=true, varID=7542)
VM: [gml_Script_anon_gml_Object_obj_event_manager_Create_0_4720_gml_Object_obj_event_manager_Create_0] READ var 'index' on object index 0 (obj_switchAsyncHelper) but no instance found (varType=STACKTOP, isArray=false, originalInstanceType=0, hasInstanceType=true, varID=7542)
VM: [gml_Script_anon_gml_Object_obj_event_manager_Create_0_4720_gml_Object_obj_event_manager_Create_0] READ var 'index' on object index 0 (obj_switchAsyncHelper) but no instance found (varType=STACKTOP, isArray=false, originalInstanceType=0, hasInstanceType=true, varID=7542)
VM: [gml_Script_anon_gml_Object_obj_event_manager_Create_0_4720_gml_Object_obj_event_manager_Create_0] READ var 'index' on object index 0 (obj_switchAsyncHelper) but no instance found (varType=STACKTOP, isArray=false, originalInstanceType=0, hasInstanceType=true, varID=7542)
VM: [gml_Script_anon_gml_Object_obj_event_manager_Create_0_4720_gml_Object_obj_event_manager_Create_0] READ var 'index' on object index 0 (obj_switchAsyncHelper) but no instance found (varType=STACKTOP, isArray=false, originalInstanceType=0, hasInstanceType=true, varID=7542)
VM: [gml_Script_anon_gml_Object_obj_event_manager_Create_0_4720_gml_Object_obj_event_manager_Create_0] READ var 'index' on object index 0 (obj_switchAsyncHelper) but no instance found (varType=STACKTOP, isArray=false, originalInstanceType=0, hasInstanceType=true, varID=7542)
VM: [gml_Script_anon_gml_Object_obj_event_manager_Create_0_4720_gml_Object_obj_event_manager_Create_0] READ var 'index' on object index 0 (obj_switchAsyncHelper) but no instance found (varType=STACKTOP, isArray=false, originalInstanceType=0, hasInstanceType=true, varID=7542)
VM: [gml_Script_anon_gml_Object_obj_event_manager_Create_0_4720_gml_Object_obj_event_manager_Create_0] READ var 'index' on object index 0 (obj_switchAsyncHelper) but no instance found (varType=STACKTOP, isArray=false, originalInstanceType=0, hasInstanceType=true, varID=7542)
VM: [gml_Script_anon_gml_Object_obj_event_manager_Create_0_4720_gml_Object_obj_event_manager_Create_0] READ var 'index' on object index 0 (obj_switchAsyncHelper) but no instance found (varType=STACKTOP, isArray=false, originalInstanceType=0, hasInstanceType=true, varID=7542)
VM: [gml_Script_anon_gml_Object_obj_event_manager_Create_0_4720_gml_Object_obj_event_manager_Create_0] READ var 'index' on object index 0 (obj_switchAsyncHelper) but no instance found (varType=STACKTOP, isArray=false, originalInstanceType=0, hasInstanceType=true, varID=7542)
VM: [gml_Script_anon_gml_Object_obj_event_manager_Create_0_4720_gml_Object_obj_event_manager_Create_0] READ var 'index' on object index 0 (obj_switchAsyncHelper) but no instance found (varType=STACKTOP, isArray=false, originalInstanceType=0, hasInstanceType=true, varID=7542)
VM: [gml_Script_anon_gml_Object_obj_event_manager_Create_0_4720_gml_Object_obj_event_manager_Create_0] READ var 'index' on object index 0 (obj_switchAsyncHelper) but no instance found (varType=STACKTOP, isArray=false, originalInstanceType=0, hasInstanceType=true, varID=7542)
VM: [gml_Script_anon_gml_Object_obj_event_manager_Create_0_4720_gml_Object_obj_event_manager_Create_0] READ var 'index' on object index 0 (obj_switchAsyncHelper) but no instance found (varType=STACKTOP, isArray=false, originalInstanceType=0, hasInstanceType=true, varID=7542)
VM: [gml_Script_anon_gml_Object_obj_event_manager_Create_0_4720_gml_Object_obj_event_manager_Create_0] READ var 'index' on object index 0 (obj_switchAsyncHelper) but no instance found (varType=STACKTOP, isArray=false, originalInstanceType=0, hasInstanceType=true, varID=7542)
VM: [gml_Script_anon_gml_Object_obj_event_manager_Create_0_4720_gml_Object_obj_event_manager_Create_0] READ var 'index' on object index 0 (obj_switchAsyncHelper) but no instance found (varType=STACKTOP, isArray=false, originalInstanceType=0, hasInstanceType=true, varID=7542)
VM: [gml_Script_anon_gml_Object_obj_event_manager_Create_0_4720_gml_Object_obj_event_manager_Create_0] READ var 'index' on object index 0 (obj_switchAsyncHelper) but no instance found (varType=STACKTOP, isArray=false, originalInstanceType=0, hasInstanceType=true, varID=7542)
VM: [gml_Script_anon_gml_Object_obj_event_manager_Create_0_4720_gml_Object_obj_event_manager_Create_0] READ var 'index' on object index 0 (obj_switchAsyncHelper) but no instance found (varType=STACKTOP, isArray=false, originalInstanceType=0, hasInstanceType=true, varID=7542)
VM: @@NewGMLObject@@ method has invalid codeIndex -1
VM: [gml_Script_anon_gml_Object_obj_event_manager_Create_0_4720_gml_Object_obj_event_manager_Create_0] READ var 'index' on object index 0 (obj_switchAsyncHelper) but no instance found (varType=STACKTOP, isArray=false, originalInstanceType=0, hasInstanceType=true, varID=7542)
VM: [gml_Script_anon_gml_Object_obj_event_manager_Create_0_4720_gml_Object_obj_event_manager_Create_0] READ var 'index' on object index 0 (obj_switchAsyncHelper) but no instance found (varType=STACKTOP, isArray=false, originalInstanceType=0, hasInstanceType=true, varID=7542)
VM: [gml_Script_anon_gml_Object_obj_event_manager_Create_0_4720_gml_Object_obj_event_manager_Create_0] READ var 'index' on object index 0 (obj_switchAsyncHelper) but no instance found (varType=STACKTOP, isArray=false, originalInstanceType=0, hasInstanceType=true, varID=7542)
VM: [gml_Script_anon_gml_Object_obj_event_manager_Create_0_4720_gml_Object_obj_event_manager_Create_0] READ var 'index' on object index 0 (obj_switchAsyncHelper) but no instance found (varType=STACKTOP, isArray=false, originalInstanceType=0, hasInstanceType=true, varID=7542)
VM: [gml_Script_anon_gml_Object_obj_event_manager_Create_0_4720_gml_Object_obj_event_manager_Create_0] READ var 'index' on object index 0 (obj_switchAsyncHelper) but no instance found (varType=STACKTOP, isArray=false, originalInstanceType=0, hasInstanceType=true, varID=7542)
VM: [gml_Script_anon_gml_Object_obj_event_manager_Create_0_4720_gml_Object_obj_event_manager_Create_0] READ var 'index' on object index 0 (obj_switchAsyncHelper) but no instance found (varType=STACKTOP, isArray=false, originalInstanceType=0, hasInstanceType=true, varID=7542)
VM: [gml_Script_anon_gml_Object_obj_event_manager_Create_0_4720_gml_Object_obj_event_manager_Create_0] READ var 'index' on object index 0 (obj_switchAsyncHelper) but no instance found (varType=STACKTOP, isArray=false, originalInstanceType=0, hasInstanceType=true, varID=7542)
VM: [gml_Script_anon_gml_Object_obj_event_manager_Create_0_4720_gml_Object_obj_event_manager_Create_0] READ var 'index' on object index 0 (obj_switchAsyncHelper) but no instance found (varType=STACKTOP, isArray=false, originalInstanceType=0, hasInstanceType=true, varID=7542)
VM: [gml_Script_anon_gml_Object_obj_event_manager_Create_0_4720_gml_Object_obj_event_manager_Create_0] READ var 'index' on object index 0 (obj_switchAsyncHelper) but no instance found (varType=STACKTOP, isArray=false, originalInstanceType=0, hasInstanceType=true, varID=7542)
VM: [gml_Script_anon_gml_Object_obj_event_manager_Create_0_4720_gml_Object_obj_event_manager_Create_0] READ var 'index' on object index 0 (obj_switchAsyncHelper) but no instance found (varType=STACKTOP, isArray=false, originalInstanceType=0, hasInstanceType=true, varID=7542)
VM: [gml_Script_anon_gml_Object_obj_event_manager_Create_0_4720_gml_Object_obj_event_manager_Create_0] READ var 'index' on object index 0 (obj_switchAsyncHelper) but no instance found (varType=STACKTOP, isArray=false, originalInstanceType=0, hasInstanceType=true, varID=7542)
VM: [gml_Script_anon_gml_Object_obj_event_manager_Create_0_4720_gml_Object_obj_event_manager_Create_0] READ var 'index' on object index 0 (obj_switchAsyncHelper) but no instance found (varType=STACKTOP, isArray=false, originalInstanceType=0, hasInstanceType=true, varID=7542)
VM: [gml_Script_anon_gml_Object_obj_event_manager_Create_0_4720_gml_Object_obj_event_manager_Create_0] READ var 'index' on object index 0 (obj_switchAsyncHelper) but no instance found (varType=STACKTOP, isArray=false, originalInstanceType=0, hasInstanceType=true, varID=7542)
VM: [gml_Script_anon_gml_Object_obj_event_manager_Create_0_4720_gml_Object_obj_event_manager_Create_0] READ var 'index' on object index 0 (obj_switchAsyncHelper) but no instance found (varType=STACKTOP, isArray=false, originalInstanceType=0, hasInstanceType=true, varID=7542)
VM: [gml_Script_anon_gml_Object_obj_event_manager_Create_0_4720_gml_Object_obj_event_manager_Create_0] READ var 'index' on object index 0 (obj_switchAsyncHelper) but no instance found (varType=STACKTOP, isArray=false, originalInstanceType=0, hasInstanceType=true, varID=7542)
VM: [gml_Script_anon_gml_Object_obj_event_manager_Create_0_4720_gml_Object_obj_event_manager_Create_0] READ var 'index' on object index 0 (obj_switchAsyncHelper) but no instance found (varType=STACKTOP, isArray=false, originalInstanceType=0, hasInstanceType=true, varID=7542)
VM: [gml_Script_anon_gml_Object_obj_event_manager_Create_0_4720_gml_Object_obj_event_manager_Create_0] READ var 'index' on object index 0 (obj_switchAsyncHelper) but no instance found (varType=STACKTOP, isArray=false, originalInstanceType=0, hasInstanceType=true, varID=7542)
VM: [gml_Script_anon_gml_Object_obj_event_manager_Create_0_4720_gml_Object_obj_event_manager_Create_0] READ var 'index' on object index 0 (obj_switchAsyncHelper) but no instance found (varType=STACKTOP, isArray=false, originalInstanceType=0, hasInstanceType=true, varID=7542)
VM: [gml_Script_anon_gml_Object_obj_event_manager_Create_0_4720_gml_Object_obj_event_manager_Create_0] READ var 'index' on object index 0 (obj_switchAsyncHelper) but no instance found (varType=STACKTOP, isArray=false, originalInstanceType=0, hasInstanceType=true, varID=7542)
VM: [gml_Script_anon_gml_Object_obj_event_manager_Create_0_4720_gml_Object_obj_event_manager_Create_0] READ var 'index' on object index 0 (obj_switchAsyncHelper) but no instance found (varType=STACKTOP, isArray=false, originalInstanceType=0, hasInstanceType=true, varID=7542)
VM: [gml_Script_anon_gml_Object_obj_event_manager_Create_0_4720_gml_Object_obj_event_manager_Create_0] READ var 'index' on object index 0 (obj_switchAsyncHelper) but no instance found (varType=STACKTOP, isArray=false, originalInstanceType=0, hasInstanceType=true, varID=7542)
VM: [gml_Script_anon_gml_Object_obj_event_manager_Create_0_4720_gml_Object_obj_event_manager_Create_0] READ var 'index' on object index 0 (obj_switchAsyncHelper) but no instance found (varType=STACKTOP, isArray=false, originalInstanceType=0, hasInstanceType=true, varID=7542)
VM: [gml_Script_anon_gml_Object_obj_event_manager_Create_0_4720_gml_Object_obj_event_manager_Create_0] READ var 'index' on object index 0 (obj_switchAsyncHelper) but no instance found (varType=STACKTOP, isArray=false, originalInstanceType=0, hasInstanceType=true, varID=7542)
VM: @@NewGMLObject@@ method has invalid codeIndex -1
VM: [gml_Script_anon_gml_Object_obj_event_manager_Create_0_4720_gml_Object_obj_event_manager_Create_0] READ var 'index' on object index 0 (obj_switchAsyncHelper) but no instance found (varType=STACKTOP, isArray=false, originalInstanceType=0, hasInstanceType=true, varID=7542)
VM: [gml_Script_anon_gml_Object_obj_event_manager_Create_0_4720_gml_Object_obj_event_manager_Create_0] READ var 'index' on object index 0 (obj_switchAsyncHelper) but no instance found (varType=STACKTOP, isArray=false, originalInstanceType=0, hasInstanceType=true, varID=7542)
VM: [gml_Script_anon_gml_Object_obj_event_manager_Create_0_4720_gml_Object_obj_event_manager_Create_0] READ var 'index' on object index 0 (obj_switchAsyncHelper) but no instance found (varType=STACKTOP, isArray=false, originalInstanceType=0, hasInstanceType=true, varID=7542)
VM: [gml_Script_anon_gml_Object_obj_event_manager_Create_0_4720_gml_Object_obj_event_manager_Create_0] READ var 'index' on object index 0 (obj_switchAsyncHelper) but no instance found (varType=STACKTOP, isArray=false, originalInstanceType=0, hasInstanceType=true, varID=7542)
VM: [gml_Script_anon_gml_Object_obj_event_manager_Create_0_4720_gml_Object_obj_event_manager_Create_0] READ var 'index' on object index 0 (obj_switchAsyncHelper) but no instance found (varType=STACKTOP, isArray=false, originalInstanceType=0, hasInstanceType=true, varID=7542)
VM: [gml_Script_anon_gml_Object_obj_event_manager_Create_0_4720_gml_Object_obj_event_manager_Create_0] READ var 'index' on object index 0 (obj_switchAsyncHelper) but no instance found (varType=STACKTOP, isArray=false, originalInstanceType=0, hasInstanceType=true, varID=7542)
VM: [gml_Script_anon_gml_Object_obj_event_manager_Create_0_4720_gml_Object_obj_event_manager_Create_0] READ var 'index' on object index 0 (obj_switchAsyncHelper) but no instance found (varType=STACKTOP, isArray=false, originalInstanceType=0, hasInstanceType=true, varID=7542)
VM: [gml_Script_anon_gml_Object_obj_event_manager_Create_0_4720_gml_Object_obj_event_manager_Create_0] READ var 'index' on object index 0 (obj_switchAsyncHelper) but no instance found (varType=STACKTOP, isArray=false, originalInstanceType=0, hasInstanceType=true, varID=7542)
VM: [gml_Script_anon_gml_Object_obj_event_manager_Create_0_4720_gml_Object_obj_event_manager_Create_0] READ var 'index' on object index 0 (obj_switchAsyncHelper) but no instance found (varType=STACKTOP, isArray=false, originalInstanceType=0, hasInstanceType=true, varID=7542)
VM: [gml_Script_anon_gml_Object_obj_event_manager_Create_0_4720_gml_Object_obj_event_manager_Create_0] READ var 'index' on object index 0 (obj_switchAsyncHelper) but no instance found (varType=STACKTOP, isArray=false, originalInstanceType=0, hasInstanceType=true, varID=7542)
VM: [gml_Script_anon_gml_Object_obj_event_manager_Create_0_4720_gml_Object_obj_event_manager_Create_0] READ var 'index' on object index 0 (obj_switchAsyncHelper) but no instance found (varType=STACKTOP, isArray=false, originalInstanceType=0, hasInstanceType=true, varID=7542)
VM: [gml_Script_anon_gml_Object_obj_event_manager_Create_0_4720_gml_Object_obj_event_manager_Create_0] READ var 'index' on object index 0 (obj_switchAsyncHelper) but no instance found (varType=STACKTOP, isArray=false, originalInstanceType=0, hasInstanceType=true, varID=7542)
VM: [gml_Script_anon_gml_Object_obj_event_manager_Create_0_4720_gml_Object_obj_event_manager_Create_0] READ var 'index' on object index 0 (obj_switchAsyncHelper) but no instance found (varType=STACKTOP, isArray=false, originalInstanceType=0, hasInstanceType=true, varID=7542)
VM: [gml_Script_anon_gml_Object_obj_event_manager_Create_0_4720_gml_Object_obj_event_manager_Create_0] READ var 'index' on object index 0 (obj_switchAsyncHelper) but no instance found (varType=STACKTOP, isArray=false, originalInstanceType=0, hasInstanceType=true, varID=7542)
VM: [gml_Script_anon_gml_Object_obj_event_manager_Create_0_4720_gml_Object_obj_event_manager_Create_0] READ var 'index' on object index 0 (obj_switchAsyncHelper) but no instance found (varType=STACKTOP, isArray=false, originalInstanceType=0, hasInstanceType=true, varID=7542)
VM: [gml_Script_anon_gml_Object_obj_event_manager_Create_0_4720_gml_Object_obj_event_manager_Create_0] READ var 'index' on object index 0 (obj_switchAsyncHelper) but no instance found (varType=STACKTOP, isArray=false, originalInstanceType=0, hasInstanceType=true, varID=7542)
VM: [gml_Script_anon_gml_Object_obj_event_manager_Create_0_4720_gml_Object_obj_event_manager_Create_0] READ var 'index' on object index 0 (obj_switchAsyncHelper) but no instance found (varType=STACKTOP, isArray=false, originalInstanceType=0, hasInstanceType=true, varID=7542)
VM: [gml_Script_anon_gml_Object_obj_event_manager_Create_0_4720_gml_Object_obj_event_manager_Create_0] READ var 'index' on object index 0 (obj_switchAsyncHelper) but no instance found (varType=STACKTOP, isArray=false, originalInstanceType=0, hasInstanceType=true, varID=7542)
VM: [gml_Script_anon_gml_Object_obj_event_manager_Create_0_4720_gml_Object_obj_event_manager_Create_0] READ var 'index' on object index 0 (obj_switchAsyncHelper) but no instance found (varType=STACKTOP, isArray=false, originalInstanceType=0, hasInstanceType=true, varID=7542)
VM: [gml_Script_anon_gml_Object_obj_event_manager_Create_0_4720_gml_Object_obj_event_manager_Create_0] READ var 'index' on object index 0 (obj_switchAsyncHelper) but no instance found (varType=STACKTOP, isArray=false, originalInstanceType=0, hasInstanceType=true, varID=7542)
VM: [gml_Script_anon_gml_Object_obj_event_manager_Create_0_4720_gml_Object_obj_event_manager_Create_0] READ var 'index' on object index 0 (obj_switchAsyncHelper) but no instance found (varType=STACKTOP, isArray=false, originalInstanceType=0, hasInstanceType=true, varID=7542)
VM: [gml_Script_anon_gml_Object_obj_event_manager_Create_0_4720_gml_Object_obj_event_manager_Create_0] READ var 'index' on object index 0 (obj_switchAsyncHelper) but no instance found (varType=STACKTOP, isArray=false, originalInstanceType=0, hasInstanceType=true, varID=7542)
VM: [gml_Script_anon_gml_Object_obj_event_manager_Create_0_4720_gml_Object_obj_event_manager_Create_0] READ var 'index' on object index 0 (obj_switchAsyncHelper) but no instance found (varType=STACKTOP, isArray=false, originalInstanceType=0, hasInstanceType=true, varID=7542)
VM: [gml_Script_anon_gml_Object_obj_event_manager_Create_0_4720_gml_Object_obj_event_manager_Create_0] READ var 'index' on object index 0 (obj_switchAsyncHelper) but no instance found (varType=STACKTOP, isArray=false, originalInstanceType=0, hasInstanceType=true, varID=7542)
VM: @@NewGMLObject@@ method has invalid codeIndex -1
VM: [gml_Script_anon_gml_Object_obj_event_manager_Create_0_4720_gml_Object_obj_event_manager_Create_0] READ var 'index' on object index 0 (obj_switchAsyncHelper) but no instance found (varType=STACKTOP, isArray=false, originalInstanceType=0, hasInstanceType=true, varID=7542)
VM: [gml_Script_anon_gml_Object_obj_event_manager_Create_0_4720_gml_Object_obj_event_manager_Create_0] READ var 'index' on object index 0 (obj_switchAsyncHelper) but no instance found (varType=STACKTOP, isArray=false, originalInstanceType=0, hasInstanceType=true, varID=7542)
VM: [gml_Script_anon_gml_Object_obj_event_manager_Create_0_4720_gml_Object_obj_event_manager_Create_0] READ var 'index' on object index 0 (obj_switchAsyncHelper) but no instance found (varType=STACKTOP, isArray=false, originalInstanceType=0, hasInstanceType=true, varID=7542)
VM: [gml_Script_anon_gml_Object_obj_event_manager_Create_0_4720_gml_Object_obj_event_manager_Create_0] READ var 'index' on object index 0 (obj_switchAsyncHelper) but no instance found (varType=STACKTOP, isArray=false, originalInstanceType=0, hasInstanceType=true, varID=7542)
VM: [gml_Script_anon_gml_Object_obj_event_manager_Create_0_4720_gml_Object_obj_event_manager_Create_0] READ var 'index' on object index 0 (obj_switchAsyncHelper) but no instance found (varType=STACKTOP, isArray=false, originalInstanceType=0, hasInstanceType=true, varID=7542)
VM: [gml_Script_anon_gml_Object_obj_event_manager_Create_0_4720_gml_Object_obj_event_manager_Create_0] READ var 'index' on object index 0 (obj_switchAsyncHelper) but no instance found (varType=STACKTOP, isArray=false, originalInstanceType=0, hasInstanceType=true, varID=7542)
VM: [gml_Script_anon_gml_Object_obj_event_manager_Create_0_4720_gml_Object_obj_event_manager_Create_0] READ var 'index' on object index 0 (obj_switchAsyncHelper) but no instance found (varType=STACKTOP, isArray=false, originalInstanceType=0, hasInstanceType=true, varID=7542)
VM: [gml_Script_anon_gml_Object_obj_event_manager_Create_0_4720_gml_Object_obj_event_manager_Create_0] READ var 'index' on object index 0 (obj_switchAsyncHelper) but no instance found (varType=STACKTOP, isArray=false, originalInstanceType=0, hasInstanceType=true, varID=7542)
VM: [gml_Script_anon_gml_Object_obj_event_manager_Create_0_4720_gml_Object_obj_event_manager_Create_0] READ var 'index' on object index 0 (obj_switchAsyncHelper) but no instance found (varType=STACKTOP, isArray=false, originalInstanceType=0, hasInstanceType=true, varID=7542)
VM: [gml_Script_anon_gml_Object_obj_event_manager_Create_0_4720_gml_Object_obj_event_manager_Create_0] READ var 'index' on object index 0 (obj_switchAsyncHelper) but no instance found (varType=STACKTOP, isArray=false, originalInstanceType=0, hasInstanceType=true, varID=7542)
VM: [gml_Script_anon_gml_Object_obj_event_manager_Create_0_4720_gml_Object_obj_event_manager_Create_0] READ var 'index' on object index 0 (obj_switchAsyncHelper) but no instance found (varType=STACKTOP, isArray=false, originalInstanceType=0, hasInstanceType=true, varID=7542)
VM: [gml_Script_anon_gml_Object_obj_event_manager_Create_0_4720_gml_Object_obj_event_manager_Create_0] READ var 'index' on object index 0 (obj_switchAsyncHelper) but no instance found (varType=STACKTOP, isArray=false, originalInstanceType=0, hasInstanceType=true, varID=7542)
VM: [gml_Script_anon_gml_Object_obj_event_manager_Create_0_4720_gml_Object_obj_event_manager_Create_0] READ var 'index' on object index 0 (obj_switchAsyncHelper) but no instance found (varType=STACKTOP, isArray=false, originalInstanceType=0, hasInstanceType=true, varID=7542)
VM: [gml_Script_anon_gml_Object_obj_event_manager_Create_0_4720_gml_Object_obj_event_manager_Create_0] READ var 'index' on object index 0 (obj_switchAsyncHelper) but no instance found (varType=STACKTOP, isArray=false, originalInstanceType=0, hasInstanceType=true, varID=7542)
VM: [gml_Script_anon_gml_Object_obj_event_manager_Create_0_4720_gml_Object_obj_event_manager_Create_0] READ var 'index' on object index 0 (obj_switchAsyncHelper) but no instance found (varType=STACKTOP, isArray=false, originalInstanceType=0, hasInstanceType=true, varID=7542)
VM: [gml_Script_anon_gml_Object_obj_event_manager_Create_0_4720_gml_Object_obj_event_manager_Create_0] READ var 'index' on object index 0 (obj_switchAsyncHelper) but no instance found (varType=STACKTOP, isArray=false, originalInstanceType=0, hasInstanceType=true, varID=7542)
VM: [gml_Script_anon_gml_Object_obj_event_manager_Create_0_4720_gml_Object_obj_event_manager_Create_0] READ var 'index' on object index 0 (obj_switchAsyncHelper) but no instance found (varType=STACKTOP, isArray=false, originalInstanceType=0, hasInstanceType=true, varID=7542)
VM: [gml_Script_anon_gml_Object_obj_event_manager_Create_0_4720_gml_Object_obj_event_manager_Create_0] READ var 'index' on object index 0 (obj_switchAsyncHelper) but no instance found (varType=STACKTOP, isArray=false, originalInstanceType=0, hasInstanceType=true, varID=7542)
VM: [gml_Script_anon_gml_Object_obj_event_manager_Create_0_4720_gml_Object_obj_event_manager_Create_0] READ var 'index' on object index 0 (obj_switchAsyncHelper) but no instance found (varType=STACKTOP, isArray=false, originalInstanceType=0, hasInstanceType=true, varID=7542)
VM: [gml_Script_anon_gml_Object_obj_event_manager_Create_0_4720_gml_Object_obj_event_manager_Create_0] READ var 'index' on object index 0 (obj_switchAsyncHelper) but no instance found (varType=STACKTOP, isArray=false, originalInstanceType=0, hasInstanceType=true, varID=7542)
VM: [gml_Script_anon_gml_Object_obj_event_manager_Create_0_4720_gml_Object_obj_event_manager_Create_0] READ var 'index' on object index 0 (obj_switchAsyncHelper) but no instance found (varType=STACKTOP, isArray=false, originalInstanceType=0, hasInstanceType=true, varID=7542)
VM: [gml_Script_anon_gml_Object_obj_event_manager_Create_0_4720_gml_Object_obj_event_manager_Create_0] READ var 'index' on object index 0 (obj_switchAsyncHelper) but no instance found (varType=STACKTOP, isArray=false, originalInstanceType=0, hasInstanceType=true, varID=7542)
VM: [gml_Script_anon_gml_Object_obj_event_manager_Create_0_4720_gml_Object_obj_event_manager_Create_0] READ var 'index' on object index 0 (obj_switchAsyncHelper) but no instance found (varType=STACKTOP, isArray=false, originalInstanceType=0, hasInstanceType=true, varID=7542)
VM: [gml_Script_anon_gml_Object_obj_event_manager_Create_0_4720_gml_Object_obj_event_manager_Create_0] READ var 'index' on object index 0 (obj_switchAsyncHelper) but no instance found (varType=STACKTOP, isArray=false, originalInstanceType=0, hasInstanceType=true, varID=7542)
VM: [gml_Script_anon_gml_Object_obj_event_manager_Create_0_4720_gml_Object_obj_event_manager_Create_0] READ var 'index' on object index 0 (obj_switchAsyncHelper) but no instance found (varType=STACKTOP, isArray=false, originalInstanceType=0, hasInstanceType=true, varID=7542)
VM: @@NewGMLObject@@ method has invalid codeIndex -1
VM: [gml_Script_anon_gml_Object_obj_event_manager_Create_0_4720_gml_Object_obj_event_manager_Create_0] READ var 'index' on object index 0 (obj_switchAsyncHelper) but no instance found (varType=STACKTOP, isArray=false, originalInstanceType=0, hasInstanceType=true, varID=7542)
VM: [gml_Script_anon_gml_Object_obj_event_manager_Create_0_4720_gml_Object_obj_event_manager_Create_0] READ var 'index' on object index 0 (obj_switchAsyncHelper) but no instance found (varType=STACKTOP, isArray=false, originalInstanceType=0, hasInstanceType=true, varID=7542)
VM: [gml_Script_anon_gml_Object_obj_event_manager_Create_0_4720_gml_Object_obj_event_manager_Create_0] READ var 'index' on object index 0 (obj_switchAsyncHelper) but no instance found (varType=STACKTOP, isArray=false, originalInstanceType=0, hasInstanceType=true, varID=7542)
VM: [gml_Script_anon_gml_Object_obj_event_manager_Create_0_4720_gml_Object_obj_event_manager_Create_0] READ var 'index' on object index 0 (obj_switchAsyncHelper) but no instance found (varType=STACKTOP, isArray=false, originalInstanceType=0, hasInstanceType=true, varID=7542)
VM: [gml_Script_anon_gml_Object_obj_event_manager_Create_0_4720_gml_Object_obj_event_manager_Create_0] READ var 'index' on object index 0 (obj_switchAsyncHelper) but no instance found (varType=STACKTOP, isArray=false, originalInstanceType=0, hasInstanceType=true, varID=7542)
VM: [gml_Script_anon_gml_Object_obj_event_manager_Create_0_4720_gml_Object_obj_event_manager_Create_0] READ var 'index' on object index 0 (obj_switchAsyncHelper) but no instance found (varType=STACKTOP, isArray=false, originalInstanceType=0, hasInstanceType=true, varID=7542)
VM: [gml_Script_anon_gml_Object_obj_event_manager_Create_0_4720_gml_Object_obj_event_manager_Create_0] READ var 'index' on object index 0 (obj_switchAsyncHelper) but no instance found (varType=STACKTOP, isArray=false, originalInstanceType=0, hasInstanceType=true, varID=7542)
VM: [gml_Script_anon_gml_Object_obj_event_manager_Create_0_4720_gml_Object_obj_event_manager_Create_0] READ var 'index' on object index 0 (obj_switchAsyncHelper) but no instance found (varType=STACKTOP, isArray=false, originalInstanceType=0, hasInstanceType=true, varID=7542)
VM: [gml_Script_anon_gml_Object_obj_event_manager_Create_0_4720_gml_Object_obj_event_manager_Create_0] READ var 'index' on object index 0 (obj_switchAsyncHelper) but no instance found (varType=STACKTOP, isArray=false, originalInstanceType=0, hasInstanceType=true, varID=7542)
VM: [gml_Script_anon_gml_Object_obj_event_manager_Create_0_4720_gml_Object_obj_event_manager_Create_0] READ var 'index' on object index 0 (obj_switchAsyncHelper) but no instance found (varType=STACKTOP, isArray=false, originalInstanceType=0, hasInstanceType=true, varID=7542)
VM: [gml_Script_anon_gml_Object_obj_event_manager_Create_0_4720_gml_Object_obj_event_manager_Create_0] READ var 'index' on object index 0 (obj_switchAsyncHelper) but no instance found (varType=STACKTOP, isArray=false, originalInstanceType=0, hasInstanceType=true, varID=7542)
VM: [gml_Script_anon_gml_Object_obj_event_manager_Create_0_4720_gml_Object_obj_event_manager_Create_0] READ var 'index' on object index 0 (obj_switchAsyncHelper) but no instance found (varType=STACKTOP, isArray=false, originalInstanceType=0, hasInstanceType=true, varID=7542)
VM: [gml_Script_anon_gml_Object_obj_event_manager_Create_0_4720_gml_Object_obj_event_manager_Create_0] READ var 'index' on object index 0 (obj_switchAsyncHelper) but no instance found (varType=STACKTOP, isArray=false, originalInstanceType=0, hasInstanceType=true, varID=7542)
VM: [gml_Script_anon_gml_Object_obj_event_manager_Create_0_4720_gml_Object_obj_event_manager_Create_0] READ var 'index' on object index 0 (obj_switchAsyncHelper) but no instance found (varType=STACKTOP, isArray=false, originalInstanceType=0, hasInstanceType=true, varID=7542)
VM: [gml_Script_anon_gml_Object_obj_event_manager_Create_0_4720_gml_Object_obj_event_manager_Create_0] READ var 'index' on object index 0 (obj_switchAsyncHelper) but no instance found (varType=STACKTOP, isArray=false, originalInstanceType=0, hasInstanceType=true, varID=7542)
VM: [gml_Script_anon_gml_Object_obj_event_manager_Create_0_4720_gml_Object_obj_event_manager_Create_0] READ var 'index' on object index 0 (obj_switchAsyncHelper) but no instance found (varType=STACKTOP, isArray=false, originalInstanceType=0, hasInstanceType=true, varID=7542)
VM: [gml_Script_anon_gml_Object_obj_event_manager_Create_0_4720_gml_Object_obj_event_manager_Create_0] READ var 'index' on object index 0 (obj_switchAsyncHelper) but no instance found (varType=STACKTOP, isArray=false, originalInstanceType=0, hasInstanceType=true, varID=7542)
VM: [gml_Script_anon_gml_Object_obj_event_manager_Create_0_4720_gml_Object_obj_event_manager_Create_0] READ var 'index' on object index 0 (obj_switchAsyncHelper) but no instance found (varType=STACKTOP, isArray=false, originalInstanceType=0, hasInstanceType=true, varID=7542)
VM: [gml_Script_anon_gml_Object_obj_event_manager_Create_0_4720_gml_Object_obj_event_manager_Create_0] READ var 'index' on object index 0 (obj_switchAsyncHelper) but no instance found (varType=STACKTOP, isArray=false, originalInstanceType=0, hasInstanceType=true, varID=7542)
VM: [gml_Script_anon_gml_Object_obj_event_manager_Create_0_4720_gml_Object_obj_event_manager_Create_0] READ var 'index' on object index 0 (obj_switchAsyncHelper) but no instance found (varType=STACKTOP, isArray=false, originalInstanceType=0, hasInstanceType=true, varID=7542)
VM: [gml_Script_anon_gml_Object_obj_event_manager_Create_0_4720_gml_Object_obj_event_manager_Create_0] READ var 'index' on object index 0 (obj_switchAsyncHelper) but no instance found (varType=STACKTOP, isArray=false, originalInstanceType=0, hasInstanceType=true, varID=7542)
VM: [gml_Script_anon_gml_Object_obj_event_manager_Create_0_4720_gml_Object_obj_event_manager_Create_0] READ var 'index' on object index 0 (obj_switchAsyncHelper) but no instance found (varType=STACKTOP, isArray=false, originalInstanceType=0, hasInstanceType=true, varID=7542)
VM: [gml_Script_anon_gml_Object_obj_event_manager_Create_0_4720_gml_Object_obj_event_manager_Create_0] READ var 'index' on object index 0 (obj_switchAsyncHelper) but no instance found (varType=STACKTOP, isArray=false, originalInstanceType=0, hasInstanceType=true, varID=7542)
VM: [gml_Script_anon_gml_Object_obj_event_manager_Create_0_4720_gml_Object_obj_event_manager_Create_0] READ var 'index' on object index 0 (obj_switchAsyncHelper) but no instance found (varType=STACKTOP, isArray=false, originalInstanceType=0, hasInstanceType=true, varID=7542)
VM: [gml_Script_anon_gml_Object_obj_event_manager_Create_0_4720_gml_Object_obj_event_manager_Create_0] READ var 'index' on object index 0 (obj_switchAsyncHelper) but no instance found (varType=STACKTOP, isArray=false, originalInstanceType=0, hasInstanceType=true, varID=7542)
VM: [gml_Script_anon_gml_Object_obj_event_manager_Create_0_4720_gml_Object_obj_event_manager_Create_0] READ var 'index' on object index 0 (obj_switchAsyncHelper) but no instance found (varType=STACKTOP, isArray=false, originalInstanceType=0, hasInstanceType=true, varID=7542)
VM: @@NewGMLObject@@ method has invalid codeIndex -1
VM: [gml_Script_anon_gml_Object_obj_event_manager_Create_0_4720_gml_Object_obj_event_manager_Create_0] READ var 'index' on object index 0 (obj_switchAsyncHelper) but no instance found (varType=STACKTOP, isArray=false, originalInstanceType=0, hasInstanceType=true, varID=7542)
VM: [gml_Script_anon_gml_Object_obj_event_manager_Create_0_4720_gml_Object_obj_event_manager_Create_0] READ var 'index' on object index 0 (obj_switchAsyncHelper) but no instance found (varType=STACKTOP, isArray=false, originalInstanceType=0, hasInstanceType=true, varID=7542)
VM: [gml_Script_anon_gml_Object_obj_event_manager_Create_0_4720_gml_Object_obj_event_manager_Create_0] READ var 'index' on object index 0 (obj_switchAsyncHelper) but no instance found (varType=STACKTOP, isArray=false, originalInstanceType=0, hasInstanceType=true, varID=7542)
VM: [gml_Script_anon_gml_Object_obj_event_manager_Create_0_4720_gml_Object_obj_event_manager_Create_0] READ var 'index' on object index 0 (obj_switchAsyncHelper) but no instance found (varType=STACKTOP, isArray=false, originalInstanceType=0, hasInstanceType=true, varID=7542)
VM: [gml_Script_anon_gml_Object_obj_event_manager_Create_0_4720_gml_Object_obj_event_manager_Create_0] READ var 'index' on object index 0 (obj_switchAsyncHelper) but no instance found (varType=STACKTOP, isArray=false, originalInstanceType=0, hasInstanceType=true, varID=7542)
VM: [gml_Script_anon_gml_Object_obj_event_manager_Create_0_4720_gml_Object_obj_event_manager_Create_0] READ var 'index' on object index 0 (obj_switchAsyncHelper) but no instance found (varType=STACKTOP, isArray=false, originalInstanceType=0, hasInstanceType=true, varID=7542)
VM: [gml_Script_anon_gml_Object_obj_event_manager_Create_0_4720_gml_Object_obj_event_manager_Create_0] READ var 'index' on object index 0 (obj_switchAsyncHelper) but no instance found (varType=STACKTOP, isArray=false, originalInstanceType=0, hasInstanceType=true, varID=7542)
VM: [gml_Script_anon_gml_Object_obj_event_manager_Create_0_4720_gml_Object_obj_event_manager_Create_0] READ var 'index' on object index 0 (obj_switchAsyncHelper) but no instance found (varType=STACKTOP, isArray=false, originalInstanceType=0, hasInstanceType=true, varID=7542)
VM: [gml_Script_anon_gml_Object_obj_event_manager_Create_0_4720_gml_Object_obj_event_manager_Create_0] READ var 'index' on object index 0 (obj_switchAsyncHelper) but no instance found (varType=STACKTOP, isArray=false, originalInstanceType=0, hasInstanceType=true, varID=7542)
VM: [gml_Script_anon_gml_Object_obj_event_manager_Create_0_4720_gml_Object_obj_event_manager_Create_0] READ var 'index' on object index 0 (obj_switchAsyncHelper) but no instance found (varType=STACKTOP, isArray=false, originalInstanceType=0, hasInstanceType=true, varID=7542)
VM: [gml_Script_anon_gml_Object_obj_event_manager_Create_0_4720_gml_Object_obj_event_manager_Create_0] READ var 'index' on object index 0 (obj_switchAsyncHelper) but no instance found (varType=STACKTOP, isArray=false, originalInstanceType=0, hasInstanceType=true, varID=7542)
VM: [gml_Script_anon_gml_Object_obj_event_manager_Create_0_4720_gml_Object_obj_event_manager_Create_0] READ var 'index' on object index 0 (obj_switchAsyncHelper) but no instance found (varType=STACKTOP, isArray=false, originalInstanceType=0, hasInstanceType=true, varID=7542)
VM: [gml_Script_anon_gml_Object_obj_event_manager_Create_0_4720_gml_Object_obj_event_manager_Create_0] READ var 'index' on object index 0 (obj_switchAsyncHelper) but no instance found (varType=STACKTOP, isArray=false, originalInstanceType=0, hasInstanceType=true, varID=7542)
VM: [gml_Script_anon_gml_Object_obj_event_manager_Create_0_4720_gml_Object_obj_event_manager_Create_0] READ var 'index' on object index 0 (obj_switchAsyncHelper) but no instance found (varType=STACKTOP, isArray=false, originalInstanceType=0, hasInstanceType=true, varID=7542)
VM: [gml_Script_anon_gml_Object_obj_event_manager_Create_0_4720_gml_Object_obj_event_manager_Create_0] READ var 'index' on object index 0 (obj_switchAsyncHelper) but no instance found (varType=STACKTOP, isArray=false, originalInstanceType=0, hasInstanceType=true, varID=7542)
VM: [gml_Script_anon_gml_Object_obj_event_manager_Create_0_4720_gml_Object_obj_event_manager_Create_0] READ var 'index' on object index 0 (obj_switchAsyncHelper) but no instance found (varType=STACKTOP, isArray=false, originalInstanceType=0, hasInstanceType=true, varID=7542)
VM: [gml_Script_anon_gml_Object_obj_event_manager_Create_0_4720_gml_Object_obj_event_manager_Create_0] READ var 'index' on object index 0 (obj_switchAsyncHelper) but no instance found (varType=STACKTOP, isArray=false, originalInstanceType=0, hasInstanceType=true, varID=7542)
VM: [gml_Script_anon_gml_Object_obj_event_manager_Create_0_4720_gml_Object_obj_event_manager_Create_0] READ var 'index' on object index 0 (obj_switchAsyncHelper) but no instance found (varType=STACKTOP, isArray=false, originalInstanceType=0, hasInstanceType=true, varID=7542)
VM: [gml_Script_anon_gml_Object_obj_event_manager_Create_0_4720_gml_Object_obj_event_manager_Create_0] READ var 'index' on object index 0 (obj_switchAsyncHelper) but no instance found (varType=STACKTOP, isArray=false, originalInstanceType=0, hasInstanceType=true, varID=7542)
VM: [gml_Script_anon_gml_Object_obj_event_manager_Create_0_4720_gml_Object_obj_event_manager_Create_0] READ var 'index' on object index 0 (obj_switchAsyncHelper) but no instance found (varType=STACKTOP, isArray=false, originalInstanceType=0, hasInstanceType=true, varID=7542)
VM: [gml_Script_anon_gml_Object_obj_event_manager_Create_0_4720_gml_Object_obj_event_manager_Create_0] READ var 'index' on object index 0 (obj_switchAsyncHelper) but no instance found (varType=STACKTOP, isArray=false, originalInstanceType=0, hasInstanceType=true, varID=7542)
VM: [gml_Script_anon_gml_Object_obj_event_manager_Create_0_4720_gml_Object_obj_event_manager_Create_0] READ var 'index' on object index 0 (obj_switchAsyncHelper) but no instance found (varType=STACKTOP, isArray=false, originalInstanceType=0, hasInstanceType=true, varID=7542)
VM: [gml_Script_anon_gml_Object_obj_event_manager_Create_0_4720_gml_Object_obj_event_manager_Create_0] READ var 'index' on object index 0 (obj_switchAsyncHelper) but no instance found (varType=STACKTOP, isArray=false, originalInstanceType=0, hasInstanceType=true, varID=7542)
VM: [gml_Script_anon_gml_Object_obj_event_manager_Create_0_4720_gml_Object_obj_event_manager_Create_0] READ var 'index' on object index 0 (obj_switchAsyncHelper) but no instance found (varType=STACKTOP, isArray=false, originalInstanceType=0, hasInstanceType=true, varID=7542)
VM: [gml_Script_anon_gml_Object_obj_event_manager_Create_0_4720_gml_Object_obj_event_manager_Create_0] READ var 'index' on object index 0 (obj_switchAsyncHelper) but no instance found (varType=STACKTOP, isArray=false, originalInstanceType=0, hasInstanceType=true, varID=7542)
VM: [gml_Script_anon_gml_Object_obj_event_manager_Create_0_4720_gml_Object_obj_event_manager_Create_0] READ var 'index' on object index 0 (obj_switchAsyncHelper) but no instance found (varType=STACKTOP, isArray=false, originalInstanceType=0, hasInstanceType=true, varID=7542)
VM: [gml_Script_anon_gml_Object_obj_event_manager_Create_0_4720_gml_Object_obj_event_manager_Create_0] READ var 'index' on object index 0 (obj_switchAsyncHelper) but no instance found (varType=STACKTOP, isArray=false, originalInstanceType=0, hasInstanceType=true, varID=7542)
VM: @@NewGMLObject@@ method has invalid codeIndex -1
VM: [gml_Script_anon_gml_Object_obj_event_manager_Create_0_4720_gml_Object_obj_event_manager_Create_0] READ var 'index' on object index 0 (obj_switchAsyncHelper) but no instance found (varType=STACKTOP, isArray=false, originalInstanceType=0, hasInstanceType=true, varID=7542)
VM: [gml_Script_anon_gml_Object_obj_event_manager_Create_0_4720_gml_Object_obj_event_manager_Create_0] READ var 'index' on object index 0 (obj_switchAsyncHelper) but no instance found (varType=STACKTOP, isArray=false, originalInstanceType=0, hasInstanceType=true, varID=7542)
VM: [gml_Script_anon_gml_Object_obj_event_manager_Create_0_4720_gml_Object_obj_event_manager_Create_0] READ var 'index' on object index 0 (obj_switchAsyncHelper) but no instance found (varType=STACKTOP, isArray=false, originalInstanceType=0, hasInstanceType=true, varID=7542)
VM: [gml_Script_anon_gml_Object_obj_event_manager_Create_0_4720_gml_Object_obj_event_manager_Create_0] READ var 'index' on object index 0 (obj_switchAsyncHelper) but no instance found (varType=STACKTOP, isArray=false, originalInstanceType=0, hasInstanceType=true, varID=7542)
VM: [gml_Script_anon_gml_Object_obj_event_manager_Create_0_4720_gml_Object_obj_event_manager_Create_0] READ var 'index' on object index 0 (obj_switchAsyncHelper) but no instance found (varType=STACKTOP, isArray=false, originalInstanceType=0, hasInstanceType=true, varID=7542)
VM: [gml_Script_anon_gml_Object_obj_event_manager_Create_0_4720_gml_Object_obj_event_manager_Create_0] READ var 'index' on object index 0 (obj_switchAsyncHelper) but no instance found (varType=STACKTOP, isArray=false, originalInstanceType=0, hasInstanceType=true, varID=7542)
VM: [gml_Script_anon_gml_Object_obj_event_manager_Create_0_4720_gml_Object_obj_event_manager_Create_0] READ var 'index' on object index 0 (obj_switchAsyncHelper) but no instance found (varType=STACKTOP, isArray=false, originalInstanceType=0, hasInstanceType=true, varID=7542)
VM: [gml_Script_anon_gml_Object_obj_event_manager_Create_0_4720_gml_Object_obj_event_manager_Create_0] READ var 'index' on object index 0 (obj_switchAsyncHelper) but no instance found (varType=STACKTOP, isArray=false, originalInstanceType=0, hasInstanceType=true, varID=7542)
VM: [gml_Script_anon_gml_Object_obj_event_manager_Create_0_4720_gml_Object_obj_event_manager_Create_0] READ var 'index' on object index 0 (obj_switchAsyncHelper) but no instance found (varType=STACKTOP, isArray=false, originalInstanceType=0, hasInstanceType=true, varID=7542)
VM: [gml_Script_anon_gml_Object_obj_event_manager_Create_0_4720_gml_Object_obj_event_manager_Create_0] READ var 'index' on object index 0 (obj_switchAsyncHelper) but no instance found (varType=STACKTOP, isArray=false, originalInstanceType=0, hasInstanceType=true, varID=7542)
VM: [gml_Script_anon_gml_Object_obj_event_manager_Create_0_4720_gml_Object_obj_event_manager_Create_0] READ var 'index' on object index 0 (obj_switchAsyncHelper) but no instance found (varType=STACKTOP, isArray=false, originalInstanceType=0, hasInstanceType=true, varID=7542)
VM: [gml_Script_anon_gml_Object_obj_event_manager_Create_0_4720_gml_Object_obj_event_manager_Create_0] READ var 'index' on object index 0 (obj_switchAsyncHelper) but no instance found (varType=STACKTOP, isArray=false, originalInstanceType=0, hasInstanceType=true, varID=7542)
VM: [gml_Script_anon_gml_Object_obj_event_manager_Create_0_4720_gml_Object_obj_event_manager_Create_0] READ var 'index' on object index 0 (obj_switchAsyncHelper) but no instance found (varType=STACKTOP, isArray=false, originalInstanceType=0, hasInstanceType=true, varID=7542)
VM: [gml_Script_anon_gml_Object_obj_event_manager_Create_0_4720_gml_Object_obj_event_manager_Create_0] READ var 'index' on object index 0 (obj_switchAsyncHelper) but no instance found (varType=STACKTOP, isArray=false, originalInstanceType=0, hasInstanceType=true, varID=7542)
VM: [gml_Script_anon_gml_Object_obj_event_manager_Create_0_4720_gml_Object_obj_event_manager_Create_0] READ var 'index' on object index 0 (obj_switchAsyncHelper) but no instance found (varType=STACKTOP, isArray=false, originalInstanceType=0, hasInstanceType=true, varID=7542)
VM: [gml_Script_anon_gml_Object_obj_event_manager_Create_0_4720_gml_Object_obj_event_manager_Create_0] READ var 'index' on object index 0 (obj_switchAsyncHelper) but no instance found (varType=STACKTOP, isArray=false, originalInstanceType=0, hasInstanceType=true, varID=7542)
VM: [gml_Script_anon_gml_Object_obj_event_manager_Create_0_4720_gml_Object_obj_event_manager_Create_0] READ var 'index' on object index 0 (obj_switchAsyncHelper) but no instance found (varType=STACKTOP, isArray=false, originalInstanceType=0, hasInstanceType=true, varID=7542)
VM: [gml_Script_anon_gml_Object_obj_event_manager_Create_0_4720_gml_Object_obj_event_manager_Create_0] READ var 'index' on object index 0 (obj_switchAsyncHelper) but no instance found (varType=STACKTOP, isArray=false, originalInstanceType=0, hasInstanceType=true, varID=7542)
VM: [gml_Script_anon_gml_Object_obj_event_manager_Create_0_4720_gml_Object_obj_event_manager_Create_0] READ var 'index' on object index 0 (obj_switchAsyncHelper) but no instance found (varType=STACKTOP, isArray=false, originalInstanceType=0, hasInstanceType=true, varID=7542)
VM: [gml_Script_anon_gml_Object_obj_event_manager_Create_0_4720_gml_Object_obj_event_manager_Create_0] READ var 'index' on object index 0 (obj_switchAsyncHelper) but no instance found (varType=STACKTOP, isArray=false, originalInstanceType=0, hasInstanceType=true, varID=7542)
VM: [gml_Script_anon_gml_Object_obj_event_manager_Create_0_4720_gml_Object_obj_event_manager_Create_0] READ var 'index' on object index 0 (obj_switchAsyncHelper) but no instance found (varType=STACKTOP, isArray=false, originalInstanceType=0, hasInstanceType=true, varID=7542)
VM: [gml_Script_anon_gml_Object_obj_event_manager_Create_0_4720_gml_Object_obj_event_manager_Create_0] READ var 'index' on object index 0 (obj_switchAsyncHelper) but no instance found (varType=STACKTOP, isArray=false, originalInstanceType=0, hasInstanceType=true, varID=7542)
VM: [gml_Script_anon_gml_Object_obj_event_manager_Create_0_4720_gml_Object_obj_event_manager_Create_0] READ var 'index' on object index 0 (obj_switchAsyncHelper) but no instance found (varType=STACKTOP, isArray=false, originalInstanceType=0, hasInstanceType=true, varID=7542)
VM: [gml_Script_anon_gml_Object_obj_event_manager_Create_0_4720_gml_Object_obj_event_manager_Create_0] READ var 'index' on object index 0 (obj_switchAsyncHelper) but no instance found (varType=STACKTOP, isArray=false, originalInstanceType=0, hasInstanceType=true, varID=7542)
VM: [gml_Script_anon_gml_Object_obj_event_manager_Create_0_4720_gml_Object_obj_event_manager_Create_0] READ var 'index' on object index 0 (obj_switchAsyncHelper) but no instance found (varType=STACKTOP, isArray=false, originalInstanceType=0, hasInstanceType=true, varID=7542)
VM: [gml_Script_anon_gml_Object_obj_event_manager_Create_0_4720_gml_Object_obj_event_manager_Create_0] READ var 'index' on object index 0 (obj_switchAsyncHelper) but no instance found (varType=STACKTOP, isArray=false, originalInstanceType=0, hasInstanceType=true, varID=7542)
VM: [gml_Script_anon_gml_Object_obj_event_manager_Create_0_4720_gml_Object_obj_event_manager_Create_0] READ var 'index' on object index 0 (obj_switchAsyncHelper) but no instance found (varType=STACKTOP, isArray=false, originalInstanceType=0, hasInstanceType=true, varID=7542)
VM: [gml_Script_anon_gml_Object_obj_event_manager_Create_0_4720_gml_Object_obj_event_manager_Create_0] READ var 'index' on object index 0 (obj_switchAsyncHelper) but no instance found (varType=STACKTOP, isArray=false, originalInstanceType=0, hasInstanceType=true, varID=7542)
VM: @@NewGMLObject@@ method has invalid codeIndex -1
VM: [gml_Script_anon_gml_Object_obj_event_manager_Create_0_4720_gml_Object_obj_event_manager_Create_0] READ var 'index' on object index 0 (obj_switchAsyncHelper) but no instance found (varType=STACKTOP, isArray=false, originalInstanceType=0, hasInstanceType=true, varID=7542)
VM: [gml_Script_anon_gml_Object_obj_event_manager_Create_0_4720_gml_Object_obj_event_manager_Create_0] READ var 'index' on object index 0 (obj_switchAsyncHelper) but no instance found (varType=STACKTOP, isArray=false, originalInstanceType=0, hasInstanceType=true, varID=7542)
VM: [gml_Script_anon_gml_Object_obj_event_manager_Create_0_4720_gml_Object_obj_event_manager_Create_0] READ var 'index' on object index 0 (obj_switchAsyncHelper) but no instance found (varType=STACKTOP, isArray=false, originalInstanceType=0, hasInstanceType=true, varID=7542)
VM: [gml_Script_anon_gml_Object_obj_event_manager_Create_0_4720_gml_Object_obj_event_manager_Create_0] READ var 'index' on object index 0 (obj_switchAsyncHelper) but no instance found (varType=STACKTOP, isArray=false, originalInstanceType=0, hasInstanceType=true, varID=7542)
VM: [gml_Script_anon_gml_Object_obj_event_manager_Create_0_4720_gml_Object_obj_event_manager_Create_0] READ var 'index' on object index 0 (obj_switchAsyncHelper) but no instance found (varType=STACKTOP, isArray=false, originalInstanceType=0, hasInstanceType=true, varID=7542)
VM: [gml_Script_anon_gml_Object_obj_event_manager_Create_0_4720_gml_Object_obj_event_manager_Create_0] READ var 'index' on object index 0 (obj_switchAsyncHelper) but no instance found (varType=STACKTOP, isArray=false, originalInstanceType=0, hasInstanceType=true, varID=7542)
VM: [gml_Script_anon_gml_Object_obj_event_manager_Create_0_4720_gml_Object_obj_event_manager_Create_0] READ var 'index' on object index 0 (obj_switchAsyncHelper) but no instance found (varType=STACKTOP, isArray=false, originalInstanceType=0, hasInstanceType=true, varID=7542)
VM: [gml_Script_anon_gml_Object_obj_event_manager_Create_0_4720_gml_Object_obj_event_manager_Create_0] READ var 'index' on object index 0 (obj_switchAsyncHelper) but no instance found (varType=STACKTOP, isArray=false, originalInstanceType=0, hasInstanceType=true, varID=7542)
VM: [gml_Script_anon_gml_Object_obj_event_manager_Create_0_4720_gml_Object_obj_event_manager_Create_0] READ var 'index' on object index 0 (obj_switchAsyncHelper) but no instance found (varType=STACKTOP, isArray=false, originalInstanceType=0, hasInstanceType=true, varID=7542)
VM: [gml_Script_anon_gml_Object_obj_event_manager_Create_0_4720_gml_Object_obj_event_manager_Create_0] READ var 'index' on object index 0 (obj_switchAsyncHelper) but no instance found (varType=STACKTOP, isArray=false, originalInstanceType=0, hasInstanceType=true, varID=7542)
VM: [gml_Script_anon_gml_Object_obj_event_manager_Create_0_4720_gml_Object_obj_event_manager_Create_0] READ var 'index' on object index 0 (obj_switchAsyncHelper) but no instance found (varType=STACKTOP, isArray=false, originalInstanceType=0, hasInstanceType=true, varID=7542)
VM: [gml_Script_anon_gml_Object_obj_event_manager_Create_0_4720_gml_Object_obj_event_manager_Create_0] READ var 'index' on object index 0 (obj_switchAsyncHelper) but no instance found (varType=STACKTOP, isArray=false, originalInstanceType=0, hasInstanceType=true, varID=7542)
VM: [gml_Script_anon_gml_Object_obj_event_manager_Create_0_4720_gml_Object_obj_event_manager_Create_0] READ var 'index' on object index 0 (obj_switchAsyncHelper) but no instance found (varType=STACKTOP, isArray=false, originalInstanceType=0, hasInstanceType=true, varID=7542)
VM: [gml_Script_anon_gml_Object_obj_event_manager_Create_0_4720_gml_Object_obj_event_manager_Create_0] READ var 'index' on object index 0 (obj_switchAsyncHelper) but no instance found (varType=STACKTOP, isArray=false, originalInstanceType=0, hasInstanceType=true, varID=7542)
VM: [gml_Script_anon_gml_Object_obj_event_manager_Create_0_4720_gml_Object_obj_event_manager_Create_0] READ var 'index' on object index 0 (obj_switchAsyncHelper) but no instance found (varType=STACKTOP, isArray=false, originalInstanceType=0, hasInstanceType=true, varID=7542)
VM: [gml_Script_anon_gml_Object_obj_event_manager_Create_0_4720_gml_Object_obj_event_manager_Create_0] READ var 'index' on object index 0 (obj_switchAsyncHelper) but no instance found (varType=STACKTOP, isArray=false, originalInstanceType=0, hasInstanceType=true, varID=7542)
VM: [gml_Script_anon_gml_Object_obj_event_manager_Create_0_4720_gml_Object_obj_event_manager_Create_0] READ var 'index' on object index 0 (obj_switchAsyncHelper) but no instance found (varType=STACKTOP, isArray=false, originalInstanceType=0, hasInstanceType=true, varID=7542)
VM: [gml_Script_anon_gml_Object_obj_event_manager_Create_0_4720_gml_Object_obj_event_manager_Create_0] READ var 'index' on object index 0 (obj_switchAsyncHelper) but no instance found (varType=STACKTOP, isArray=false, originalInstanceType=0, hasInstanceType=true, varID=7542)
VM: [gml_Script_anon_gml_Object_obj_event_manager_Create_0_4720_gml_Object_obj_event_manager_Create_0] READ var 'index' on object index 0 (obj_switchAsyncHelper) but no instance found (varType=STACKTOP, isArray=false, originalInstanceType=0, hasInstanceType=true, varID=7542)
VM: [gml_Script_anon_gml_Object_obj_event_manager_Create_0_4720_gml_Object_obj_event_manager_Create_0] READ var 'index' on object index 0 (obj_switchAsyncHelper) but no instance found (varType=STACKTOP, isArray=false, originalInstanceType=0, hasInstanceType=true, varID=7542)
VM: [gml_Script_anon_gml_Object_obj_event_manager_Create_0_4720_gml_Object_obj_event_manager_Create_0] READ var 'index' on object index 0 (obj_switchAsyncHelper) but no instance found (varType=STACKTOP, isArray=false, originalInstanceType=0, hasInstanceType=true, varID=7542)
VM: [gml_Script_anon_gml_Object_obj_event_manager_Create_0_4720_gml_Object_obj_event_manager_Create_0] READ var 'index' on object index 0 (obj_switchAsyncHelper) but no instance found (varType=STACKTOP, isArray=false, originalInstanceType=0, hasInstanceType=true, varID=7542)
VM: [gml_Script_anon_gml_Object_obj_event_manager_Create_0_4720_gml_Object_obj_event_manager_Create_0] READ var 'index' on object index 0 (obj_switchAsyncHelper) but no instance found (varType=STACKTOP, isArray=false, originalInstanceType=0, hasInstanceType=true, varID=7542)
VM: [gml_Script_anon_gml_Object_obj_event_manager_Create_0_4720_gml_Object_obj_event_manager_Create_0] READ var 'index' on object index 0 (obj_switchAsyncHelper) but no instance found (varType=STACKTOP, isArray=false, originalInstanceType=0, hasInstanceType=true, varID=7542)
VM: [gml_Script_anon_gml_Object_obj_event_manager_Create_0_4720_gml_Object_obj_event_manager_Create_0] READ var 'index' on object index 0 (obj_switchAsyncHelper) but no instance found (varType=STACKTOP, isArray=false, originalInstanceType=0, hasInstanceType=true, varID=7542)
VM: [gml_Script_anon_gml_Object_obj_event_manager_Create_0_4720_gml_Object_obj_event_manager_Create_0] READ var 'index' on object index 0 (obj_switchAsyncHelper) but no instance found (varType=STACKTOP, isArray=false, originalInstanceType=0, hasInstanceType=true, varID=7542)
VM: [gml_Script_anon_gml_Object_obj_event_manager_Create_0_4720_gml_Object_obj_event_manager_Create_0] READ var 'index' on object index 0 (obj_switchAsyncHelper) but no instance found (varType=STACKTOP, isArray=false, originalInstanceType=0, hasInstanceType=true, varID=7542)
VM: [gml_Script_anon_gml_Object_obj_event_manager_Create_0_4720_gml_Object_obj_event_manager_Create_0] READ var 'index' on object index 0 (obj_switchAsyncHelper) but no instance found (varType=STACKTOP, isArray=false, originalInstanceType=0, hasInstanceType=true, varID=7542)
VM: [gml_Script_anon_gml_Object_obj_event_manager_Create_0_4720_gml_Object_obj_event_manager_Create_0] READ var 'index' on object index 0 (obj_switchAsyncHelper) but no instance found (varType=STACKTOP, isArray=false, originalInstanceType=0, hasInstanceType=true, varID=7542)
VM: @@NewGMLObject@@ method has invalid codeIndex -1
Runner load: instance create pass2        phase=    0.00 ms total=    0.00 ms
Runner load: room creation code           phase=    0.00 ms total=    0.00 ms
Runner: Room loaded: ROOM_INITIALIZE (room 0) with 7 instances
Runner load: renderer prewarm             phase=    0.00 ms total=    0.00 ms
Runner load: audio prewarm                phase=    0.00 ms total=    0.00 ms
Runner load: initRoom total               phase=    0.00 ms total=    0.00 ms
Runner load: initRoom(first)              phase=    0.00 ms total=    0.00 ms
Runner load: game start events            phase=    0.00 ms total=    0.00 ms
Runner load: room start events            phase=    0.00 ms total=    0.00 ms
Runner load: Runner_initFirstRoom total   phase=    0.00 ms total=    0.00 ms
Room changed: ROOM_INITIALIZE (room 0) -> PLACE_CONTACT (room 1)
Runner: Initializing room: PLACE_CONTACT (index 1)
Runner load: room payload load            phase=    0.00 ms total=    0.00 ms
Runner load: instance create pass1        phase=    0.00 ms total=    0.00 ms
Runner load: layer/depth setup            phase=    0.00 ms total=    0.00 ms
Runner load: instance create pass2        phase=    0.00 ms total=    0.00 ms
Runner load: room creation code           phase=    0.00 ms total=    0.00 ms
Runner: Room loaded: PLACE_CONTACT (room 1) with 8 instances
Runner load: renderer prewarm             phase=    0.00 ms total=    0.00 ms
Runner load: audio prewarm                phase=    0.00 ms total=    0.00 ms
Runner load: initRoom total               phase=    0.00 ms total=    0.00 ms
f=15 last=renderCommands
f=31 last=renderCommands
f=47 last=renderCommands
f=63 last=renderCommands
f=79 last=renderCommands
f=95 last=renderCommands
f=111 last=renderCommands
f=127 last=renderCommands
f=143 last=renderCommands
f=159 last=renderCommands
f=175 last=renderCommands
f=191 last=renderCommands
f=207 last=renderCommands
f=223 last=renderCommands
f=239 last=renderCommands
f=255 last=renderCommands
f=271 last=renderCommands
f=287 last=renderCommands
f=303 last=renderCommands
f=319 last=renderCommands
f=335 last=renderCommands
f=351 last=renderCommands
f=367 last=renderCommands
f=383 last=renderCommands
f=399 last=renderCommands
f=415 last=renderCommands
f=431 last=renderCommands
f=447 last=renderCommands
f=463 last=renderCommands
f=479 last=renderCommands
f=495 last=renderCommands
f=511 last=renderCommands
f=527 last=renderCommands
f=543 last=renderCommands
f=559 last=renderCommands
f=575 last=renderCommands
f=591 last=renderCommands
f=607 last=renderCommands
f=623 last=renderCommands
f=639 last=renderCommands
f=655 last=renderCommands
f=671 last=renderCommands
f=687 last=renderCommands
f=703 last=renderCommands
f=719 last=renderCommands
f=735 last=renderCommands
f=751 last=renderCommands
f=767 last=renderCommands
f=783 last=renderCommands
f=799 last=renderCommands
f=815 last=renderCommands
f=831 last=renderCommands
f=847 last=renderCommands
f=863 last=renderCommands
f=879 last=renderCommands
f=895 last=renderCommands
f=911 last=renderCommands
f=927 last=renderCommands
f=943 last=renderCommands
f=959 last=renderCommands
f=975 last=renderCommands
f=991 last=renderCommands
f=1007 last=renderCommands
f=1023 last=renderCommands
f=1039 last=renderCommands
f=1055 last=renderCommands
f=1071 last=renderCommands
f=1087 last=renderCommands
f=1103 last=renderCommands
f=1119 last=renderCommands
f=1135 last=renderCommands
f=1151 last=renderCommands
f=1167 last=renderCommands
f=1183 last=renderCommands
f=1199 last=renderCommands
f=1215 last=renderCommands
f=1231 last=renderCommands
f=1247 last=renderCommands
f=1263 last=renderCommands
f=1279 last=renderCommands
f=1295 last=renderCommands
f=1311 last=renderCommands
f=1327 last=renderCommands
f=1343 last=renderCommands
f=1359 last=renderCommands
f=1375 last=renderCommands
f=1391 last=renderCommands
f=1407 last=renderCommands
f=1423 last=renderCommands
f=1439 last=renderCommands
f=1455 last=renderCommands
f=1471 last=renderCommands
f=1487 last=renderCommands
f=1503 last=renderCommands
f=1519 last=renderCommands
f=1535 last=renderCommands
f=1551 last=renderCommands
f=1567 last=renderCommands
f=1583 last=renderCommands
f=1599 last=renderCommands
f=1615 last=renderCommands
f=1631 last=renderCommands
f=1647 last=renderCommands
f=1663 last=renderCommands
f=1679 last=renderCommands
f=1695 last=renderCommands
f=1711 last=renderCommands
f=1727 last=renderCommands
f=1743 last=renderCommands
f=1759 last=renderCommands
f=1775 last=renderCommands
f=1791 last=renderCommands
f=1807 last=renderCommands
f=1823 last=renderCommands
f=1839 last=renderCommands
f=1855 last=renderCommands
f=1871 last=renderCommands
f=1887 last=renderCommands
f=1903 last=renderCommands
f=1919 last=renderCommands
f=1935 last=renderCommands
f=1951 last=renderCommands
f=1967 last=renderCommands
f=1983 last=renderCommands
f=1999 last=renderCommands
f=2015 last=renderCommands
f=2031 last=renderCommands
f=2047 last=renderCommands
f=2063 last=renderCommands
f=2079 last=renderCommands
f=2095 last=renderCommands
f=2111 last=renderCommands
f=2127 last=renderCommands
f=2143 last=renderCommands
f=2159 last=renderCommands
f=2175 last=renderCommands
f=2191 last=renderCommands
f=2207 last=renderCommands
f=2223 last=renderCommands
f=2239 last=renderCommands
f=2255 last=renderCommands
f=2271 last=renderCommands
f=2287 last=renderCommands
f=2303 last=renderCommands
f=2319 last=renderCommands
f=2335 last=renderCommands
f=2351 last=renderCommands
f=2367 last=renderCommands
f=2383 last=renderCommands
f=2399 last=renderCommands
f=2415 last=renderCommands
f=2431 last=renderCommands
f=2447 last=renderCommands
f=2463 last=renderCommands
f=2479 last=renderCommands
f=2495 last=renderCommands
f=2511 last=renderCommands
f=2527 last=renderCommands
f=2543 last=renderCommands
f=2559 last=renderCommands
f=2575 last=renderCommands
f=2591 last=renderCommands
f=2607 last=renderCommands
f=2623 last=renderCommands
f=2639 last=renderCommands
f=2655 last=renderCommands
f=2671 last=renderCommands
f=2687 last=renderCommands
f=2703 last=renderCommands
f=2719 last=renderCommands
f=2735 last=renderCommands
f=2751 last=renderCommands
f=2767 last=renderCommands
f=2783 last=renderCommands
f=2799 last=renderCommands
f=2815 last=renderCommands
f=2831 last=renderCommands
f=2847 last=renderCommands
f=2863 last=renderCommands
f=2879 last=renderCommands
f=2895 last=renderCommands
f=2911 last=renderCommands
f=2927 last=renderCommands
f=2943 last=renderCommands
f=2959 last=renderCommands
f=2975 last=renderCommands
f=2991 last=renderCommands
f=3007 last=renderCommands
f=3023 last=renderCommands
f=3039 last=renderCommands
f=3055 last=renderCommands
f=3071 last=renderCommands
f=3087 last=renderCommands
f=3103 last=renderCommands
f=3119 last=renderCommands
f=3135 last=renderCommands
f=3151 last=renderCommands
f=3167 last=renderCommands
f=3183 last=renderCommands
f=3199 last=renderCommands
f=3215 last=renderCommands
f=3231 last=renderCommands
f=3247 last=renderCommands
f=3263 last=renderCommands
f=3279 last=renderCommands
f=3295 last=renderCommands
f=3311 last=renderCommands
f=3327 last=renderCommands
f=3343 last=renderCommands
f=3359 last=renderCommands
f=3375 last=renderCommands
f=3391 last=renderCommands
f=3407 last=renderCommands
f=3423 last=renderCommands
f=3439 last=renderCommands
f=3455 last=renderCommands
f=3471 last=renderCommands
f=3487 last=renderCommands
f=3503 last=renderCommands
f=3519 last=renderCommands
f=3535 last=renderCommands
f=3551 last=renderCommands
f=3567 last=renderCommands
f=3583 last=renderCommands
f=3599 last=renderCommands
f=3615 last=renderCommands
f=3631 last=renderCommands
f=3647 last=renderCommands
f=3663 last=renderCommands
f=3679 last=renderCommands
f=3695 last=renderCommands
f=3711 last=renderCommands
f=3727 last=renderCommands
f=3743 last=renderCommands
f=3759 last=renderCommands
f=3775 last=renderCommands
f=3791 last=renderCommands
f=3807 last=renderCommands
f=3823 last=renderCommands
f=3839 last=renderCommands
f=3855 last=renderCommands
f=3871 last=renderCommands
f=3887 last=renderCommands
f=3903 last=renderCommands
f=3919 last=renderCommands
f=3935 last=renderCommands
f=3951 last=renderCommands
f=3967 last=renderCommands
f=3983 last=renderCommands
f=3999 last=renderCommands
f=4015 last=renderCommands
f=4031 last=renderCommands
f=4047 last=renderCommands
f=4063 last=renderCommands
f=4079 last=renderCommands
f=4095 last=renderCommands
f=4111 last=renderCommands
f=4127 last=renderCommands
f=4143 last=renderCommands
f=4159 last=renderCommands
f=4175 last=renderCommands
f=4191 last=renderCommands
f=4207 last=renderCommands
f=4223 last=renderCommands
f=4239 last=renderCommands
f=4255 last=renderCommands
f=4271 last=renderCommands
f=4287 last=renderCommands
f=4303 last=renderCommands
f=4319 last=renderCommands
f=4335 last=renderCommands
f=4351 last=renderCommands
f=4367 last=renderCommands
f=4383 last=renderCommands
f=4399 last=renderCommands
f=4415 last=renderCommands
f=4431 last=renderCommands
f=4447 last=renderCommands
f=4463 last=renderCommands
f=4479 last=renderCommands
f=4495 last=renderCommands
f=4511 last=renderCommands
f=4527 last=renderCommands
f=4543 last=renderCommands
f=4559 last=renderCommands
f=4575 last=renderCommands
f=4591 last=renderCommands
f=4607 last=renderCommands
f=4623 last=renderCommands
f=4639 last=renderCommands
f=4655 last=renderCommands
f=4671 last=renderCommands
f=4687 last=renderCommands
f=4703 last=renderCommands
f=4719 last=renderCommands
f=4735 last=renderCommands
f=4751 last=renderCommands
f=4767 last=renderCommands
f=4783 last=renderCommands
f=4799 last=renderCommands
f=4815 last=renderCommands
f=4831 last=renderCommands
f=4847 last=renderCommands
f=4863 last=renderCommands
f=4879 last=renderCommands
f=4895 last=renderCommands
f=4911 last=renderCommands
f=4927 last=renderCommands
f=4943 last=renderCommands
f=4959 last=renderCommands
f=4975 last=renderCommands
f=4991 last=renderCommands
f=5007 last=renderCommands
f=5023 last=renderCommands
f=5039 last=renderCommands
f=5055 last=renderCommands
f=5071 last=renderCommands
f=5087 last=renderCommands
f=5103 last=renderCommands
f=5119 last=renderCommands
f=5135 last=renderCommands
f=5151 last=renderCommands
f=5167 last=renderCommands
f=5183 last=renderCommands
f=5199 last=renderCommands
f=5215 last=renderCommands
f=5231 last=renderCommands
f=5247 last=renderCommands
f=5263 last=renderCommands
f=5279 last=renderCommands
f=5295 last=renderCommands
f=5311 last=renderCommands
f=5327 last=renderCommands
f=5343 last=renderCommands
f=5359 last=renderCommands
f=5375 last=renderCommands
f=5391 last=renderCommands
f=5407 last=renderCommands
f=5423 last=renderCommands
f=5439 last=renderCommands
f=5455 last=renderCommands
f=5471 last=renderCommands
f=5487 last=renderCommands
f=5503 last=renderCommands
f=5519 last=renderCommands
f=5535 last=renderCommands
f=5551 last=renderCommands
f=5567 last=renderCommands
f=5583 last=renderCommands
f=5599 last=renderCommands
f=5615 last=renderCommands
f=5631 last=renderCommands
f=5647 last=renderCommands
f=5663 last=renderCommands
f=5679 last=renderCommands
f=5695 last=renderCommands
f=5711 last=renderCommands
f=5727 last=renderCommands
f=5743 last=renderCommands
f=5759 last=renderCommands
f=5775 last=renderCommands
f=5791 last=renderCommands
f=5807 last=renderCommands
f=5823 last=renderCommands
f=5839 last=renderCommands
f=5855 last=renderCommands
f=5871 last=renderCommands
f=5887 last=renderCommands
f=5903 last=renderCommands
f=5919 last=renderCommands
f=5935 last=renderCommands
f=5951 last=renderCommands
f=5967 last=renderCommands
f=5983 last=renderCommands
f=5999 last=renderCommands
f=6015 last=renderCommands
f=6031 last=renderCommands
f=6047 last=renderCommands
f=6063 last=renderCommands
f=6079 last=renderCommands
f=6095 last=renderCommands
f=6111 last=renderCommands
f=6127 last=renderCommands
f=6143 last=renderCommands
f=6159 last=renderCommands
f=6175 last=renderCommands
f=6191 last=renderCommands
f=6207 last=renderCommands
f=6223 last=renderCommands
f=6239 last=renderCommands
f=6255 last=renderCommands
f=6271 last=renderCommands
f=6287 last=renderCommands
f=6303 last=renderCommands
f=6319 last=renderCommands
f=6335 last=renderCommands
f=6351 last=renderCommands
f=6367 last=renderCommands
f=6383 last=renderCommands
f=6399 last=renderCommands
f=6415 last=renderCommands
f=6431 last=renderCommands
f=6447 last=renderCommands
f=6463 last=renderCommands
f=6479 last=renderCommands
f=6495 last=renderCommands
f=6511 last=renderCommands
f=6527 last=renderCommands
f=6543 last=renderCommands
f=6559 last=renderCommands
f=6575 last=renderCommands
f=6591 last=renderCommands
f=6607 last=renderCommands
f=6623 last=renderCommands
f=6639 last=renderCommands
f=6655 last=renderCommands
f=6671 last=renderCommands
f=6687 last=renderCommands
f=6703 last=renderCommands
f=6719 last=renderCommands
f=6735 last=renderCommands
f=6751 last=renderCommands
f=6767 last=renderCommands
f=6783 last=renderCommands
f=6799 last=renderCommands
f=6815 last=renderCommands
f=6831 last=renderCommands
f=6847 last=renderCommands
f=6863 last=renderCommands
f=6879 last=renderCommands
f=6895 last=renderCommands
f=6911 last=renderCommands
f=6927 last=renderCommands
f=6943 last=renderCommands
f=6959 last=renderCommands
f=6975 last=renderCommands
f=6991 last=renderCommands
f=7007 last=renderCommands
f=7023 last=renderCommands
f=7039 last=renderCommands
f=7055 last=renderCommands
f=7071 last=renderCommands
f=7087 last=renderCommands
f=7103 last=renderCommands
f=7119 last=renderCommands
f=7135 last=renderCommands
f=7151 last=renderCommands
f=7167 last=renderCommands
f=7183 last=renderCommands
f=7199 last=renderCommands
f=7215 last=renderCommands
f=7231 last=renderCommands
f=7247 last=renderCommands
f=7263 last=renderCommands
f=7279 last=renderCommands
f=7295 last=renderCommands
f=7311 last=renderCommands
f=7327 last=renderCommands
f=7343 last=renderCommands
f=7359 last=renderCommands
f=7375 last=renderCommands
f=7391 last=renderCommands
f=7407 last=renderCommands
f=7423 last=renderCommands
f=7439 last=renderCommands
f=7455 last=renderCommands
f=7471 last=renderCommands
f=7487 last=renderCommands
f=7503 last=renderCommands
f=7519 last=renderCommands
f=7535 last=renderCommands
f=7551 last=renderCommands
f=7567 last=renderCommands
f=7583 last=renderCommands
f=7599 last=renderCommands
f=7615 last=renderCommands
f=7631 last=renderCommands
f=7647 last=renderCommands
VM: Reset complete (11158 global vars cleared)
VM: Reset complete (11158 global vars cleared)
